개소,공원종류,권역,공원명,위치,조성연도,  조성면적  ,관리기관,관리자 연락처,데이터기준일자
1,근린공원,1동탄,독재울공원, 능동 1084,2008,11841 ,화성도시공사 공원관리1부,031-267-1286,2024-12-31
2,근린공원,1동탄,개나리공원," 반송동 12, 28, 29",2008,14768 ,화성도시공사 공원관리1부,031-267-1286,2024-12-31
3,근린공원,1동탄,하늘빛공원," 석우동 50, 57",2008,10727 ,화성도시공사 공원관리1부,031-267-1286,2024-12-31
4,근린공원,1동탄,"동탄 구봉산공원(나래울, 코끼리)", 능동 1128,2008,99329 ,화성도시공사 공원관리1부,031-267-1286,2024-12-31
5,근린공원,1동탄,큰재봉공원, 석우동 45,2008,243926 ,화성도시공사 공원관리1부,031-267-1286,2024-12-31
6,근린공원,1동탄,동학산공원, 석우동 29-3,2008,60075 ,화성도시공사 공원관리1부,031-267-1286,2024-12-31
7,근린공원,1동탄,손바닥공원, 능동 1118,2008,13590 ,화성도시공사 공원관리1부,031-267-1286,2024-12-31
8,근린공원,1동탄,동탄13호 근린공원(초록공원), 석우동 21-8,2008,19679 ,화성도시공사 공원관리1부,031-267-1286,2024-12-31
9,근린공원,1동탄,동탄14호 근린공원(돌모루공원)," 석우동 4, 7-1, 17",2008,46917 ,화성도시공사 공원관리1부,031-267-1286,2024-12-31
10,근린공원,1동탄,능동생활도시숲공원," 능동 1121, 1124-1",2023,10792 ,화성도시공사 공원관리1부,031-267-1286,2024-12-31
11,어린이공원,1동탄,동탄1호 어린이공원,능동 1097-1,2008,1594 ,화성도시공사 공원관리1부,031-267-1286,2024-12-31
12,어린이공원,1동탄,동탄2호 어린이공원,능동 1166,2008,1515 ,화성도시공사 공원관리1부,031-267-1286,2024-12-31
13,어린이공원,1동탄,동탄6호 어린이공원,석우동 14-1,2008,2213 ,화성도시공사 공원관리1부,031-267-1286,2024-12-31
14,어린이공원,1동탄,능동지구 제3호 어린이공원,능동 1282-1,2018,1562 ,화성도시공사 공원관리1부,031-267-1286,2024-12-31
15,어린이공원,1동탄,능동지구 제4호 어린이공원,능동 1283-3,2018,2086 ,화성도시공사 공원관리1부,031-267-1286,2024-12-31
16,수변공원,1동탄,석우리천 공원," 석우동 45,45-1,-2,-3,-4,-5일원",2008,36758 ,화성도시공사 공원관리1부,031-267-1286,2024-12-31
17,쌈지공원,1동탄,석우동 쌈지공원,석우동 65일원,2014,1710 ,화성도시공사 공원관리1부,031-267-1286,2024-12-31
18,쌈지공원,1동탄,능동 쌈지공원,"능동 1221-1번지, 1014-2번지",2018,586 ,화성도시공사 공원관리1부,031-267-1286,2024-12-31
19,저류지공원,1동탄,인곡1 저류지 (저류지1호), 능동 1106,2008,8534 ,화성도시공사 공원관리1부,031-267-1286,2024-12-31
20,저류지공원,1동탄,능리 저류지 (저류지2호)," 능동 1172, -1, -2",2008,7193 ,화성도시공사 공원관리1부,031-267-1286,2024-12-31
21,저류지공원,1동탄,한반 저류지 (저류지3호), 석우동 1-8,2008,5837 ,화성도시공사 공원관리1부,031-267-1286,2024-12-31
22,경관광장,1동탄,미관광장 1호, 능동 1100-1,2008,384 ,화성도시공사 공원관리1부,031-267-1286,2024-12-31
23,경관광장,1동탄,미관광장 2호, 능동 1080 -1,2008,230 ,화성도시공사 공원관리1부,031-267-1286,2024-12-31
24,경관광장,1동탄,미관광장 3호, 능동 1081-2,2008,474 ,화성도시공사 공원관리1부,031-267-1286,2024-12-31
25,경관광장,1동탄,미관광장 4호, 능동 1115-2,2008,407 ,화성도시공사 공원관리1부,031-267-1286,2024-12-31
26,경관광장,1동탄,미관광장 5호, 능동 1153-13,2008,247 ,화성도시공사 공원관리1부,031-267-1286,2024-12-31
27,경관광장,1동탄,미관광장 6호, 반송동 38-1,2008,1176 ,화성도시공사 공원관리1부,031-267-1286,2024-12-31
28,경관광장,1동탄,미관광장 7호, 반송동 35-1,2008,726 ,화성도시공사 공원관리1부,031-267-1286,2024-12-31
29,경관광장,1동탄,미관광장 8호, 반송동 34-1,2008,749 ,화성도시공사 공원관리1부,031-267-1286,2024-12-31
30,경관광장,1동탄,미관광장 9호, 반송동 7-13,2008,781 ,화성도시공사 공원관리1부,031-267-1286,2024-12-31
31,경관광장,1동탄,미관광장 10호, 반송동 23,2008,975 ,화성도시공사 공원관리1부,031-267-1286,2024-12-31
32,경관광장,1동탄,미관광장 11호, 반송동 22-1,2008,708 ,화성도시공사 공원관리1부,031-267-1286,2024-12-31
33,경관광장,1동탄,미관광장 12호, 반송동 19-2,2008,789 ,화성도시공사 공원관리1부,031-267-1286,2024-12-31
34,경관광장,1동탄,미관광장 13호, 반송동 71-1,2008,272 ,화성도시공사 공원관리1부,031-267-1286,2024-12-31
35,경관광장,1동탄,미관광장 19호, 반송동 84-2,2008,772 ,화성도시공사 공원관리1부,031-267-1286,2024-12-31
36,경관광장,1동탄,미관광장 20호, 석우동 55-2,2008,256 ,화성도시공사 공원관리1부,031-267-1286,2024-12-31
37,경관광장,1동탄,미관광장 21호, 석우동 56-2,2008,272 ,화성도시공사 공원관리1부,031-267-1286,2024-12-31
38,경관광장,1동탄,미관광장 22호, 반송동 83-2,2008,401 ,화성도시공사 공원관리1부,031-267-1286,2024-12-31
39,경관광장,1동탄,미관광장 23호, 석우동 56-4 ,2008,184 ,화성도시공사 공원관리1부,031-267-1286,2024-12-31
40,경관광장,1동탄,미관광장 24호, 석우동 58-2,2008,208 ,화성도시공사 공원관리1부,031-267-1286,2024-12-31
41,경관광장,1동탄,미관광장 25호(북광장), 반송동 88-7,2008,5228 ,화성도시공사 공원관리1부,031-267-1286,2024-12-31
42,경관광장,1동탄,미관광장 26호(남광장), 반송동 104-7,2008,5419 ,화성도시공사 공원관리1부,031-267-1286,2024-12-31
43,경관광장,1동탄,미관광장 27호, 반송동 102-3,2008,381 ,화성도시공사 공원관리1부,031-267-1286,2024-12-31
44,경관광장,1동탄,미관광장 37호, 능동 1113-7,2008,240 ,화성도시공사 공원관리1부,031-267-1286,2024-12-31
45,경관광장,1동탄,미관광장 38호, 능동 1114-7,2008,208 ,화성도시공사 공원관리1부,031-267-1286,2024-12-31
46,경관광장,1동탄,미관광장 39호, 반송동 41-7,2008,137 ,화성도시공사 공원관리1부,031-267-1286,2024-12-31
47,경관광장,1동탄,미관광장 40호, 반송동 43-7,2008,159 ,화성도시공사 공원관리1부,031-267-1286,2024-12-31
48,경관광장,1동탄,미관광장 41호, 동탄면 석우리 22,2008,6463 ,화성도시공사 공원관리1부,031-267-1286,2024-12-31
49,경관광장,1동탄,미관광장 42호, 능동 1090,2008,3525 ,화성도시공사 공원관리1부,031-267-1286,2024-12-31
50,공공공지,1동탄,동탄1호 공공공지,"능동 1052-7,1502-8,1065-4,1065-5",2008,2817 ,화성도시공사 공원관리1부,031-267-1286,2024-12-31
51,공공공지,1동탄,동탄2호 공공공지,"능동 1093-14,1100-14,1205-1",2008,4045 ,화성도시공사 공원관리1부,031-267-1286,2024-12-31
52,공공공지,1동탄,동탄4호 공공공지,"석우동 18-9,3-7",2008,1293 ,화성도시공사 공원관리1부,031-267-1286,2024-12-31
53,공공공지,1동탄,동탄6호 공공공지,"능동 1129-1,1138-9,1143-13,1142-4,1145-6,1146-7,1149-9",2008,2656 ,화성도시공사 공원관리1부,031-267-1286,2024-12-31
54,공공공지,1동탄,동탄7호 공공공지,"석우동 59-6,58-1",2008,1911 ,화성도시공사 공원관리1부,031-267-1286,2024-12-31
55,근린공원,2동탄,너른공원(동탄산단2호근린),"방교동 762,763,764",2014,17496 ,화성도시공사 공원관리1부,031-267-1286,2024-12-31
56,근린공원,2동탄,송리공원(동탄산단4호근린),"방교동 857,839-8",2014,13796 ,화성도시공사 공원관리1부,031-267-1286,2024-12-31
57,근린공원,2동탄,송방공원(동탄산단5호근린),방교동 861,2014,13826 ,화성도시공사 공원관리1부,031-267-1286,2024-12-31
58,근린공원,2동탄,동지공원(동탄산단6호근린),"방교동 802-1,802-2,805-3",2014,16370 ,화성도시공사 공원관리1부,031-267-1286,2024-12-31
59,근린공원,2동탄,방아다리공원(동탄산단1호근린),"방교동 876-2, 876-4, 873-2, 873-3",2014,40452 ,화성도시공사 공원관리1부,031-267-1286,2024-12-31
60,근린공원,1동탄,노작공원,"반송동 108, 108-1석우동 63,64, 64-1",2008,656736 ,화성도시공사 공원관리1부,031-267-1286,2024-12-31
61,근린공원,1동탄,솔빛공원, 반송동 138,2008,13076 ,화성도시공사 공원관리1부,031-267-1286,2024-12-31
62,근린공원,1동탄,육탄10용사 기념공원," 반송동 159-6, 141-1",2008,19662 ,화성도시공사 공원관리1부,031-267-1286,2024-12-31
63,근린공원,1동탄,탄요유적공원," 반송동 198-1, 202, 207",2008,47066 ,화성도시공사 공원관리1부,031-267-1286,2024-12-31
64,근린공원,1동탄,방교공원(11호 근린공원),"오산동 1012-2,오산동 1014-1,1016, 1029-5, 1079-1",2018,41098 ,화성도시공사 공원관리1부,031-267-1286,2024-12-31
65,어린이공원,1동탄,동탄3호 어린이공원(나래어린이공원), 반송동 153,2008,2116 ,화성도시공사 공원관리1부,031-267-1286,2024-12-31
66,어린이공원,1동탄,동탄4호 어린이공원(새강어린이공원), 반송동 175-2,2008,1566 ,화성도시공사 공원관리1부,031-267-1286,2024-12-31
67,어린이공원,1동탄,동탄5호 어린이공원(옹달샘공원), 반송동 119 ,2008,1826 ,화성도시공사 공원관리1부,031-267-1286,2024-12-31
68,체육공원,2동탄,소라공원(동탄산단3호근린),"방교동 799, 799-1, 800-10",2014,34591 ,화성도시공사 공원관리1부,031-267-1286,2024-12-31
69,쌈지공원,2동탄,방교동 쌈지공원,방교동 872-178,2023,1181 ,화성도시공사 공원관리1부,031-267-1286,2024-12-31
70,저류지공원,1동탄,반송 저류지 (저류지 5호), 반송동 735번지 일원,2008,7531 ,화성도시공사 공원관리1부,031-267-1286,2024-12-31
71,저류지공원,1동탄,금반 저류지 (저류지 6호), 반송동 633-1번지 일원,2008,8179 ,화성도시공사 공원관리1부,031-267-1286,2024-12-31
72,경관광장,1동탄,미관광장 14호, 반송동 159-2,2008,946 ,화성도시공사 공원관리1부,031-267-1286,2024-12-31
73,경관광장,1동탄,미관광장 15호, 반송동 190-1,2008,504 ,화성도시공사 공원관리1부,031-267-1286,2024-12-31
74,경관광장,1동탄,미관광장 16호, 반송동 175-3,2008,442 ,화성도시공사 공원관리1부,031-267-1286,2024-12-31
75,경관광장,1동탄,미관광장 17호, 반송동 215-2,2008,1066 ,화성도시공사 공원관리1부,031-267-1286,2024-12-31
76,경관광장,1동탄,미관광장 18호, 반송동 135-2,2008,963 ,화성도시공사 공원관리1부,031-267-1286,2024-12-31
77,경관광장,1동탄,미관광장 28호, 반송동 140-3,2008,379 ,화성도시공사 공원관리1부,031-267-1286,2024-12-31
78,경관광장,1동탄,미관광장 29호, 반송동 132-1,2008,371 ,화성도시공사 공원관리1부,031-267-1286,2024-12-31
79,경관광장,1동탄,미관광장 30호, 반송동 132-3,2008,506 ,화성도시공사 공원관리1부,031-267-1286,2024-12-31
80,경관광장,1동탄,미관광장 31호, 반송동 132-6,2008,894 ,화성도시공사 공원관리1부,031-267-1286,2024-12-31
81,경관광장,1동탄,미관광장 32호, 반송동 118-8,2008,715 ,화성도시공사 공원관리1부,031-267-1286,2024-12-31
82,경관광장,1동탄,미관광장 33호, 반송동 131-29,2008,421 ,화성도시공사 공원관리1부,031-267-1286,2024-12-31
83,경관광장,1동탄,미관광장 34호, 반송동 222-2,2008,904 ,화성도시공사 공원관리1부,031-267-1286,2024-12-31
84,경관광장,1동탄,미관광장 35호, 반송동 126-4,2008,347 ,화성도시공사 공원관리1부,031-267-1286,2024-12-31
85,경관광장,1동탄,미관광장 36호, 반송동 192-1,2008,412 ,화성도시공사 공원관리1부,031-267-1286,2024-12-31
86,경관광장,1동탄,미관광장 43호, 반송동 42-4,2008,851 ,화성도시공사 공원관리1부,031-267-1286,2024-12-31
87,경관광장,1동탄,미관광장 44호, 반송동 200-4,2008,331 ,화성도시공사 공원관리1부,031-267-1286,2024-12-31
88,공공공지,1동탄,동탄3호 공공공지," 반송동 77-12,142-1",2008,501 ,화성도시공사 공원관리1부,031-267-1286,2024-12-31
89,근린공원,2동탄,선납숲공원(2호 근린공원),"영천동 897,영천동 862-4, 875-3, 511-43, 506-7, 506-6, 506-14, 506-8, 506-9, 506-1, 99-14, 99-8, 99-10, 영천동 산21-1, 847-7, 837-1, 833-1, 826-4, 825-6, 829-1, 823-5",2020,268405 ,화성도시공사 공원관리1부,031-267-1286,2024-12-31
90,근린공원,2동탄,치동천 1호(4호 근린공원),"영천동660,영천 816, 816-1, 817, 817-1, 42,영천동 636-256, 425-27",2015,60588 ,화성도시공사 공원관리1부,031-267-1286,2024-12-31
91,근린공원,2동탄,치동천 2호 공원(5호 근린공원),"영천동 664-1, 665-1, 735",2015,45136 ,화성도시공사 공원관리1부,031-267-1286,2024-12-31
92,근린공원,2동탄,치동천 3호 공원(6호 근린공원),"영천동 677-1, 728, 728-2, 729, 737, 782, 783 ",2015,57249 ,화성도시공사 공원관리1부,031-267-1286,2024-12-31
93,근린공원,2동탄,돌모루근린공원(동탄2_3호근린공원),"영천동 816-2, 815-1 ",2018,17407 ,화성도시공사 공원관리1부,031-267-1286,2024-12-31
94,근린공원,2동탄,돌모루근린공원(동탄2_3호근린공원),영천동 821-7,2023,23812 ,화성도시공사 공원관리1부,031-267-1286,2024-12-31
95,근린공원,2동탄,영천공원,"영천동 887, 866-3",2023,50312 ,화성도시공사 공원관리1부,031-267-1286,2024-12-31
96,어린이공원,2동탄,안골 어린이공원(동탄2지구 1호 어린이공원),영천동 740-11,2015,3956 ,화성도시공사 공원관리1부,031-267-1286,2024-12-31
97,소공원,2동탄,4호 소공원(지산말),영천동 688-9,2016,1398 ,화성도시공사 공원관리1부,031-267-1286,2024-12-31
98,소공원,2동탄,5호 소공원(지산향기),영천동 704-8,2016,1412 ,화성도시공사 공원관리1부,031-267-1286,2024-12-31
99,소공원,2동탄,7호 소공원(한울),영천동 776,2016,1176 ,화성도시공사 공원관리1부,031-267-1286,2024-12-31
100,소공원,2동탄,제1호 소공원,"영천동 857-5, 855-8",2023,7776 ,화성도시공사 공원관리1부,031-267-1286,2024-12-31
101,체육공원,2동탄,치동천체육공원,영천동 670-2공 일원,2015,90800 ,화성도시공사 공원관리1부,031-267-1286,2024-12-31
102,수변공원,2동탄,풀무골 수변공원,증동 310번지 일원,2021,5700 ,화성도시공사 공원관리1부,031-267-1286,2024-12-31
103,쌈지공원,2동탄,중리 쌈지공원,중동 827,2015,802 ,화성도시공사 공원관리1부,031-267-1286,2024-12-31
104,경관광장,2동탄,동탄2 택지 광장 1호(지산말광장),영천동 681-10,2015,620 ,화성도시공사 공원관리1부,031-267-1286,2024-12-31
105,공공공지,2동탄,동탄2시범단지 공공공지 9호,영천동 673-8,2015,367 ,화성도시공사 공원관리1부,031-267-1286,2024-12-31
106,공공공지,2동탄,동탄2시범단지 공공공지 10호,영천동 717,2015,1532 ,화성도시공사 공원관리1부,031-267-1286,2024-12-31
107,공공공지,2동탄,동탄2시범단지 공공공지 11호,영천동 717,2015,1296 ,화성도시공사 공원관리1부,031-267-1286,2024-12-31
108,공공공지,2동탄,동탄2시범단지 공공공지 13호(A),영천동 662-1,2015,4437 ,화성도시공사 공원관리1부,031-267-1286,2024-12-31
109,공공공지,2동탄,동탄2시범단지 공공공지 13호(B),영천동 672-2,2015,1402 ,화성도시공사 공원관리1부,031-267-1286,2024-12-31
110,공공공지,2동탄,동탄2시범단지 공공공지 13호(C),영천동 700-6,2015,3491 ,화성도시공사 공원관리1부,031-267-1286,2024-12-31
111,공공공지,2동탄,동탄2시범단지 공공공지 13호(D),영천동 677-1,2015,2578 ,화성도시공사 공원관리1부,031-267-1286,2024-12-31
112,공공공지,2동탄,동탄2시범단지 공공공지 15호,영천동 662-1,2015,426 ,화성도시공사 공원관리1부,031-267-1286,2024-12-31
113,공공공지,2동탄,동탄2시범단지 공공공지 16호,영천동 681-9,2015,169 ,화성도시공사 공원관리1부,031-267-1286,2024-12-31
114,공공공지,2동탄,동탄2시범단지 공공공지 17호,영천동 700-6,2015,307 ,화성도시공사 공원관리1부,031-267-1286,2024-12-31
115,공공공지,2동탄,동탄2시범단지 공공공지 18호,"영천동 701-14, 703-11, 711-8",2015,1581 ,화성도시공사 공원관리1부,031-267-1286,2024-12-31
116,공공공지,2동탄,동탄2시범단지 공공공지 35호(A),영천동 766-9,2015,3060 ,화성도시공사 공원관리1부,031-267-1286,2024-12-31
117,공공공지,2동탄,동탄2시범단지 공공공지 35호(B),영천동 745-14,2015,2685 ,화성도시공사 공원관리1부,031-267-1286,2024-12-31
118,공공공지,2동탄,동탄2시범단지 공공공지 40호,영천동 746-0,2015,828 ,화성도시공사 공원관리1부,031-267-1286,2024-12-31
119,공공공지,2동탄,동탄2시범단지 공공공지 41호,영천동 739-11,2015,49 ,화성도시공사 공원관리1부,031-267-1286,2024-12-31
120,공공공지,2동탄,동탄2시범단지 공공공지 42호,영천동747-10,2015,113 ,화성도시공사 공원관리1부,031-267-1286,2024-12-31
121,공공공지,2동탄,동탄2시범단지 공공공지 43호,영천동 749-16,2015,41 ,화성도시공사 공원관리1부,031-267-1286,2024-12-31
122,공공공지,2동탄,동탄2시범단지 공공공지 44호,영천동 750-11,2015,2988 ,화성도시공사 공원관리1부,031-267-1286,2024-12-31
123,공공공지,2동탄,동탄2시범단지 공공공지 45호,"영천동757-6, 763-6, 760-11, 766-10",2015,959 ,화성도시공사 공원관리1부,031-267-1286,2024-12-31
124,공공공지,2동탄,동탄2시범단지 공공공지 47호,영천동 652-6,2015,2526 ,화성도시공사 공원관리1부,031-267-1286,2024-12-31
125,공공공지,2동탄,동탄2시범단지 공공공지 47호(E),영천동662-1,2015,1943 ,화성도시공사 공원관리1부,031-267-1286,2024-12-31
126,공공공지,2동탄,공공공지 13호,"영천동 823-9, 821-4",2023,4323 ,화성도시공사 공원관리1부,031-267-1286,2024-12-31
127,공공공지,2동탄,동탄2지구 공공공지 14호,영천동 790-1,2019,402 ,화성도시공사 공원관리1부,031-267-1286,2024-12-31
128,공공공지,2동탄,동탄2지구 공공공지 31호,"영천동 790-1, 789-1, 801-7, 797-7, 792-8",2019,4257 ,화성도시공사 공원관리1부,031-267-1286,2024-12-31
129,공공공지,2동탄,공공공지 3호,"영천동 819-2, 819-4",2023,3005 ,화성도시공사 공원관리1부,031-267-1286,2024-12-31
130,공공공지,2동탄,공공공지 1호,"영천동 822-3, 824-5, 825-4, 820-8, 820-3",2023,54696 ,화성도시공사 공원관리1부,031-267-1286,2024-12-31
131,공공공지,2동탄,공공공지 4호,영천동 858-1,2023,70 ,화성도시공사 공원관리1부,031-267-1286,2024-12-31
132,공공공지,2동탄,공공공지 5호,영천동 882-6,2023,2313 ,화성도시공사 공원관리1부,031-267-1286,2024-12-31
133,공공공지,2동탄,공공공지 6호,"영천동 823-10, 823-9",2023,9532 ,화성도시공사 공원관리1부,031-267-1286,2024-12-31
134,공공공지,2동탄,공공공지 7호,영천동 899-2,2023,1339 ,화성도시공사 공원관리1부,031-267-1286,2024-12-31
135,공공공지,2동탄,공공공지 8호,"영천동 895-1, 896-4",2023,3851 ,화성도시공사 공원관리1부,031-267-1286,2024-12-31
136,공공공지,2동탄,공공공지 61호,영천동 48-5,2023,770 ,화성도시공사 공원관리1부,031-267-1286,2024-12-31
137,공공공지,2동탄,공공공지 63호,"영천동 820-9, 820-8, 820-7",2023,5527 ,화성도시공사 공원관리1부,031-267-1286,2024-12-31
138,근린공원,2동탄,청계중앙공원,청계동 527 일원,2015,213724 ,화성도시공사 공원관리1부,031-267-1286,2024-12-31
139,근린공원,2동탄,솔향기공원(9호 근린공원),"청계동 557, 영천동 779",2015,40436 ,화성도시공사 공원관리1부,031-267-1286,2024-12-31
140,근린공원,2동탄,감배산공원(12호 근린공원),"청계동 548, 564-1",2015,5659 ,화성도시공사 공원관리1부,031-267-1286,2024-12-31
141,소공원,2동탄,감배산공원(13호 근린공원),"오산동 1022-1, 1023-3, 1004-1, 1065, 1007-1, 1018-2, 1017-2 ",2019,39928 ,화성도시공사 공원관리1부,031-267-1286,2024-12-31
142,소공원,2동탄,도담공원(6호),청계동 550-1,2015,7326 ,화성도시공사 공원관리1부,031-267-1286,2024-12-31
143,소공원,2동탄,8호 소공원(청계사랑),청계동 538-1,2016,4408 ,화성도시공사 공원관리1부,031-267-1286,2024-12-31
144,소공원,2동탄,9호 소공원(예솔),청계동 552-1,2016,4373 ,화성도시공사 공원관리1부,031-267-1286,2024-12-31
145,경관광장,2동탄,광장2호(청계광장),청계동 20번지 일원,2015,859 ,화성도시공사 공원관리1부,031-267-1286,2024-12-31
146,경관광장,2동탄,광장 3호(자라뫼광장),오산동 992-1,2018,2393 ,화성도시공사 공원관리1부,031-267-1286,2024-12-31
147,경관광장,2동탄,광장 5호,오산동 996-4,2018,2528 ,화성도시공사 공원관리1부,031-267-1286,2024-12-31
148,공공공지,2동탄,동탄2시범단지 공공공지 13호,청계동 546-1 일원,2015,2908 ,화성도시공사 공원관리1부,031-267-1286,2024-12-31
149,공공공지,2동탄,동탄2시범단지 공공공지 13호,청계동 546-1 일원,2015,4118 ,화성도시공사 공원관리1부,031-267-1286,2024-12-31
150,공공공지,2동탄,동탄2시범단지 공공공지 13호,청계동 533-1 일원,2015,2717 ,화성도시공사 공원관리1부,031-267-1286,2024-12-31
151,공공공지,2동탄,동탄2시범단지 공공공지 19호,청계동 533-1 일원,2015,593 ,화성도시공사 공원관리1부,031-267-1286,2024-12-31
152,공공공지,2동탄,동탄2시범단지 공공공지 20호,청계동 546-1 일원,2015,683 ,화성도시공사 공원관리1부,031-267-1286,2024-12-31
153,공공공지,2동탄,동탄2시범단지 공공공지 21호,청계동 546-1 일원,2015,556 ,화성도시공사 공원관리1부,031-267-1286,2024-12-31
154,공공공지,2동탄,동탄2시범단지 공공공지 35호,청계동 550-1 ,2015,5235 ,화성도시공사 공원관리1부,031-267-1286,2024-12-31
155,공공공지,2동탄,동탄2시범단지 공공공지 35호,"청계동 550-1, 청계동 546-1 ",2015,3140 ,화성도시공사 공원관리1부,031-267-1286,2024-12-31
156,공공공지,2동탄,동탄2시범단지 공공공지 35호,청계동 533-1 ,2015,3594 ,화성도시공사 공원관리1부,031-267-1286,2024-12-31
157,공공공지,2동탄,동탄2시범단지 공공공지 35호,"청계동 513-1, 512-1",2015,5335 ,화성도시공사 공원관리1부,031-267-1286,2024-12-31
158,공공공지,2동탄,동탄2시범단지 공공공지 37호,청계동 512-1 ,2015,483 ,화성도시공사 공원관리1부,031-267-1286,2024-12-31
159,공공공지,2동탄,동탄2시범단지 공공공지 38호,청계동 512-1 일원,2015,578 ,화성도시공사 공원관리1부,031-267-1286,2024-12-31
160,공공공지,2동탄,동탄2시범단지 공공공지 39호,청계동 513-1 일원,2015,478 ,화성도시공사 공원관리1부,031-267-1286,2024-12-31
161,공공공지,2동탄,동탄2시범단지 공공공지 46호,"청계동 520-1,2 일원",2015,7280 ,화성도시공사 공원관리1부,031-267-1286,2024-12-31
162,공공공지,2동탄,동탄2시범단지 공공공지 46호,"청계동 525-1,2 일원",2015,10978 ,화성도시공사 공원관리1부,031-267-1286,2024-12-31
163,공공공지,2동탄,동탄2시범단지 공공공지 46호,"청계동 546-1, 550-1 일원",2015,7008 ,화성도시공사 공원관리1부,031-267-1286,2024-12-31
164,공공공지,2동탄,동탄2시범단지 공공공지 47호,"청계동 512-1, 512-2",2015,4540 ,화성도시공사 공원관리1부,031-267-1286,2024-12-31
165,공공공지,2동탄,동탄2시범단지 공공공지 47호,"청계동 519-1, 519-2",2015,6034 ,화성도시공사 공원관리1부,031-267-1286,2024-12-31
166,공공공지,2동탄,동탄2시범단지 공공공지 47호,"청계동 564-2, 564-3",2015,5351 ,화성도시공사 공원관리1부,031-267-1286,2024-12-31
167,공공공지,2동탄,동탄2시범단지 공공공지 48호,청계동 520-1 일원,2015,553 ,화성도시공사 공원관리1부,031-267-1286,2024-12-31
168,공공공지,2동탄,동탄2시범단지 공공공지 13호(H),청계동 552-1,2015,4031 ,화성도시공사 공원관리1부,031-267-1286,2024-12-31
169,공공공지,2동탄,동탄2시범단지 공공공지 13호(I),청계동 552-1,2015,1878 ,화성도시공사 공원관리1부,031-267-1286,2024-12-31
170,공공공지,2동탄,동탄2시범단지 공공공지 13호(J),청계동 538-1,2015,3714 ,화성도시공사 공원관리1부,031-267-1286,2024-12-31
171,공공공지,2동탄,동탄2시범단지 공공공지 13호(K),청계동 538-1,2015,1241 ,화성도시공사 공원관리1부,031-267-1286,2024-12-31
172,공공공지,2동탄,동탄2시범단지 공공공지 13호(L),청계동 557,2015,2946 ,화성도시공사 공원관리1부,031-267-1286,2024-12-31
173,공공공지,2동탄,동탄2시범단지 공공공지 13호(M),청계동 543,2015,2436 ,화성도시공사 공원관리1부,031-267-1286,2024-12-31
174,공공공지,2동탄,동탄2시범단지 공공공지 22호,청계동 538-1,2015,430 ,화성도시공사 공원관리1부,031-267-1286,2024-12-31
175,공공공지,2동탄,동탄2시범단지 공공공지 23호,청계동 552-1,2015,444 ,화성도시공사 공원관리1부,031-267-1286,2024-12-31
176,공공공지,2동탄,동탄2시범단지 공공공지 46호(A),청계동 538-1,2015,3357 ,화성도시공사 공원관리1부,031-267-1286,2024-12-31
177,공공공지,2동탄,동탄2시범단지 공공공지 46호(B),청계동 552-1,2015,1320 ,화성도시공사 공원관리1부,031-267-1286,2024-12-31
178,공공공지,2동탄,동탄2시범단지 공공공지 46호(C),청계동 557,2015,325 ,화성도시공사 공원관리1부,031-267-1286,2024-12-31
179,공공공지,2동탄,동탄2시범단지 공공공지 47호(A),청계동 510 일원,2015,1983 ,화성도시공사 공원관리1부,031-267-1286,2024-12-31
180,공공공지,2동탄,동탄2시범단지 공공공지 58호,청계동 543,2015,2555 ,화성도시공사 공원관리1부,031-267-1286,2024-12-31
181,공공공지,2동탄,동탄2지구 2-1공구 공공공지 제32호,오산동 972-2,2019,328 ,화성도시공사 공원관리1부,031-267-1286,2024-12-31
182,공공공지,2동탄,동탄2지구 2-1공구 공공공지 제33호,오산동 988-2,2019,328 ,화성도시공사 공원관리1부,031-267-1286,2024-12-31
183,공공공지,2동탄,동탄2지구 2-1공구 공공공지 제35호,오산동 972-1,2019,3802 ,화성도시공사 공원관리1부,031-267-1286,2024-12-31
184,공공공지,2동탄,동탄2지구 2-1공구 공공공지 제36호,오산동 1051-1,2019,1889 ,화성도시공사 공원관리1부,031-267-1286,2024-12-31
185,공공공지,2동탄,동탄2지구 2-1공구 공공공지 제46호,오산동 988-3,2019,4371 ,화성도시공사 공원관리1부,031-267-1286,2024-12-31
186,공공공지,2동탄,동탄2지구 공공공지 13호,"영천동 805-1, 788-1, 790-1, 793-7, 793-8  ",2019,6910 ,화성도시공사 공원관리1부,031-267-1286,2024-12-31
187,공공공지,2동탄,동탄2지구 공공공지 59호,오산동 967-1526,2019,1117 ,화성도시공사 공원관리1부,031-267-1286,2024-12-31
188,공공공지,2동탄,동탄2지구 공공공지 60호,오산동 989-2,2019,2107 ,화성도시공사 공원관리1부,031-267-1286,2024-12-31
189,공공공지,2동탄,동탄2지구 공공공지 64호,오산동 992-2,2019,599 ,화성도시공사 공원관리1부,031-267-1286,2024-12-31
190,공공공지,2동탄,동탄2지구 공공공지 65호,"오산동 999-2, 1000-2",2019,2963 ,화성도시공사 공원관리1부,031-267-1286,2024-12-31
191,공공공지,2동탄,동탄2지구 공공공지 70호,오산동 1005-1,2019,932 ,화성도시공사 공원관리1부,031-267-1286,2024-12-31
192,공공공지,2동탄,동탄2지구 공공공지 71호,"오산동 1001-2, 1011-1, 1018-1, 1017-3, 1017-5",2019,9892 ,화성도시공사 공원관리1부,031-267-1286,2024-12-31
193,공공공지,2동탄,동탄2지구 공공공지 97호,"오산동 1062-2, 990-3",2019,181 ,화성도시공사 공원관리1부,031-267-1286,2024-12-31
194,근린공원,2동탄,왕배산1호공원,"산척동 753, 오산동 1087",2019,281959 ,화성도시공사 공원관리1부,031-267-1286,2024-12-31
195,근린공원,2동탄,동탄목동공원(19호 근린공원),"목동 483-1,목동478-1",2020,95991 ,화성도시공사 공원관리1부,031-267-1286,2024-12-31
196,근린공원,2동탄,산척공원,"산척동 762, 766",2019,14741 ,화성도시공사 공원관리1부,031-267-1286,2024-12-31
197,근린공원,2동탄,신리천공원(13호 근린공원),"오산동 1082, 1085, 1044-1, 1046-1,목동398-8 일원",2018,188526 ,화성도시공사 공원관리1부,031-267-1286,2024-12-31
198,근린공원,2동탄,왕배산 2호 공원(15호 근린공원),"산척동785-1, 795",2023,251383 ,화성도시공사 공원관리1부,031-267-1286,2024-12-31
199,어린이공원,2동탄,햇살어린이공원(어린이공원 2호),목동 498,2020,2726 ,화성도시공사 공원관리1부,031-267-1286,2024-12-31
200,소공원,2동탄,달무리공원(10호 소공원),목동 493-13,2020,2468 ,화성도시공사 공원관리1부,031-267-1286,2024-12-31
201,소공원,2동탄,곱다시공원(11호 소공원),목동 480-1,2020,3489 ,화성도시공사 공원관리1부,031-267-1286,2024-12-31
202,체육공원,2동탄,체육4호공원,오산동1041-1,2018,22967 ,화성도시공사 공원관리1부,031-267-1286,2024-12-31
203,체육공원,2동탄,왕배산 체육공원,산척동 793,2020,51327 ,화성도시공사 공원관리1부,031-267-1286,2024-12-31
204,공공공지,2동탄,동탄2지구 공공공지 13호,목동 118-28번지 일원,2020,28532 ,화성도시공사 공원관리1부,031-267-1286,2024-12-31
205,공공공지,2동탄,공공공지 13호,"목동 476-2,-6,477-1,482-1,485-1,489-1,491-1,486-1,491-1,-2,495-1,산척동792-2",2023,36080 ,화성도시공사 공원관리1부,031-267-1286,2024-12-31
206,공공공지,2동탄,동탄2지구 공공공지 24호,목동 123-1번지 일원,2020,440 ,화성도시공사 공원관리1부,031-267-1286,2024-12-31
207,공공공지,2동탄,동탄2지구 공공공지 24호,목동 477-2,2023,436 ,화성도시공사 공원관리1부,031-267-1286,2024-12-31
208,공공공지,2동탄,동탄2지구 공공공지 25호,산척동 292번지 일원,2020,435 ,화성도시공사 공원관리1부,031-267-1286,2024-12-31
209,공공공지,2동탄,동탄2지구 공공공지 25호,산척동 790-10,2023,435 ,화성도시공사 공원관리1부,031-267-1286,2024-12-31
210,공공공지,2동탄,동탄2지구 공공공지 26호,산척동 287번지 일원,2020,435 ,화성도시공사 공원관리1부,031-267-1286,2024-12-31
211,공공공지,2동탄,동탄2지구 공공공지 26호,산척동 792-1,2023,435 ,화성도시공사 공원관리1부,031-267-1286,2024-12-31
212,공공공지,2동탄,동탄2지구 공공공지 27호,산척동 산120-4번지 일원,2020,384 ,화성도시공사 공원관리1부,031-267-1286,2024-12-31
213,공공공지,2동탄,동탄2지구 공공공지 27호,산척동 792-3,2023,384 ,화성도시공사 공원관리1부,031-267-1286,2024-12-31
214,공공공지,2동탄,동탄2지구 공공공지 47호,"오산동 314, 316, 1030-18, 1082, 1044-1, 1078-1, 1078-2",2019,40521 ,화성도시공사 공원관리1부,031-267-1286,2024-12-31
215,공공공지,2동탄,동탄2지구 공공공지 47호,"산척동 675-1, 677-2, 699-2 송동 692-1, 693-2",2019,40521 ,화성도시공사 공원관리1부,031-267-1286,2024-12-31
216,공공공지,2동탄,동탄2지구 공공공지 49호,오산동 1030-19,2019,1262 ,화성도시공사 공원관리1부,031-267-1286,2024-12-31
217,공공공지,2동탄,동탄2지구 공공공지 50호,송동 692-2,2019,405 ,화성도시공사 공원관리1부,031-267-1286,2024-12-31
218,공공공지,2동탄,동탄2지구 공공공지 51호,산척동 677-1,2019,487 ,화성도시공사 공원관리1부,031-267-1286,2024-12-31
219,공공공지,2동탄,동탄2지구 공공공지 52호,송동 693-1,2019,520 ,화성도시공사 공원관리1부,031-267-1286,2024-12-31
220,공공공지,2동탄,동탄2지구 공공공지 53호,산척동 699-1,2019,445 ,화성도시공사 공원관리1부,031-267-1286,2024-12-31
221,공공공지,2동탄,동탄2지구 공공공지 54호,송동 693-3,2019,407 ,화성도시공사 공원관리1부,031-267-1286,2024-12-31
222,공공공지,2동탄,동탄2지구 공공공지 55호,산척동 699-3,2019,207 ,화성도시공사 공원관리1부,031-267-1286,2024-12-31
223,공공공지,2동탄,동탄2지구 공공공지 71호,"오산동 1030-20, 1032-10,1038-10",2019,6934 ,화성도시공사 공원관리1부,031-267-1286,2024-12-31
224,공공공지,2동탄,동탄2지구 공공공지 71호,목동 산96번지 일원,2020,10231 ,화성도시공사 공원관리1부,031-267-1286,2024-12-31
225,공공공지,2동탄,동탄2지구 공공공지 71호,"목동 491-2,481-2,796-3,-2",2023,8213 ,화성도시공사 공원관리1부,031-267-1286,2024-12-31
226,공공공지,2동탄,동탄2지구 공공공지 72호,오산동 1031-16,2019,96 ,화성도시공사 공원관리1부,031-267-1286,2024-12-31
227,공공공지,2동탄,동탄2지구 공공공지 73호,"오산동1030-17 1031-17, 1036-25, 1034-7, 1031-18, 1031-19, 1035-5, 1033-10",2019,2747 ,화성도시공사 공원관리1부,031-267-1286,2024-12-31
228,공공공지,2동탄,동탄2지구 공공공지 74호,오산동 1037-1,2018,219 ,화성도시공사 공원관리1부,031-267-1286,2024-12-31
229,공공공지,2동탄,동탄2지구 공공공지 74호,오산동 1033-10,2019,282 ,화성도시공사 공원관리1부,031-267-1286,2024-12-31
230,공공공지,2동탄,동탄2지구 공공공지 75호,오산동 1036-24,2019,173 ,화성도시공사 공원관리1부,031-267-1286,2024-12-31
231,공공공지,2동탄,동탄2지구 공공공지 76호,목동 261-2번지 일원,2020,466 ,화성도시공사 공원관리1부,031-267-1286,2024-12-31
232,공공공지,2동탄,동탄2지구 공공공지 77호,목동 463-10번지 일원,2020,383 ,화성도시공사 공원관리1부,031-267-1286,2024-12-31
233,공공공지,2동탄,동탄2지구 공공공지 79호,"산척동 688-6,693-7",2019,1562 ,화성도시공사 공원관리1부,031-267-1286,2024-12-31
234,공공공지,2동탄,동탄2지구 공공공지 80호,산척동 696-6,2019,519 ,화성도시공사 공원관리1부,031-267-1286,2024-12-31
235,공공공지,2동탄,동탄2지구 공공공지 81호,"송동 689-1,693-4, 산척동 699-4, 705-1,716-10, 718-1,719-1,720-1,721-1,722-1",2019,15671 ,화성도시공사 공원관리1부,031-267-1286,2024-12-31
236,근린공원,2동탄,산척에움길공원,산척동 730-1,2019,10694 ,화성도시공사 공원관리1부,031-267-1286,2024-12-31
237,근린공원,2동탄,송동공원,"장지동 1066, 1068(동탄8동주민자치센터옆), 914-1 ",2019,62871 ,화성도시공사 공원관리1부,031-267-1286,2024-12-31
238,근린공원,2동탄,장지이웃공원,장지동 1064,2019,15262 ,화성도시공사 공원관리1부,031-267-1286,2024-12-31
239,근린공원,2동탄,장지2호공원,장지동 1088,2019,23950 ,화성도시공사 공원관리1부,031-267-1286,2024-12-31
240,근린공원,2동탄,장지1호공원,"장지동 1073, 1010-1, 1010-2, 1011-1, 산척동 783",2019,15651 ,화성도시공사 공원관리1부,031-267-1286,2024-12-31
241,근린공원,2동탄,물류단지내 근린공원,신동 703-4번지,2018,19903 ,화성도시공사 공원관리1부,031-267-1286,2024-12-31
242,근린공원,2동탄,태봉산공원,"송동 682-4,송동 730",2019,19154 ,화성도시공사 공원관리1부,031-267-1286,2024-12-31
243,근린공원,2동탄,배마루공원,"송동 691-1, 송동 687-4",2019,20441 ,화성도시공사 공원관리1부,031-267-1286,2024-12-31
244,어린이공원,2동탄,소라어린이공원,송동 711-6,2019,724 ,화성도시공사 공원관리1부,031-267-1286,2024-12-31
245,어린이공원,2동탄,도란어린이공원,장지동 939-5,2019,1543 ,화성도시공사 공원관리1부,031-267-1286,2024-12-31
246,어린이공원,2동탄,꽃다지어린이공원,장지동 962-9,2019,1544 ,화성도시공사 공원관리1부,031-267-1286,2024-12-31
247,어린이공원,2동탄,꽃마리어린이공원,장지동 1017-6,2019,2336 ,화성도시공사 공원관리1부,031-267-1286,2024-12-31
248,어린이공원,2동탄,아람어린이공원,장지동 998-7,2019,1605 ,화성도시공사 공원관리1부,031-267-1286,2024-12-31
249,어린이공원,2동탄,달빛어린이공원,장지동 1029-3,2019,1519 ,화성도시공사 공원관리1부,031-267-1286,2024-12-31
250,어린이공원,2동탄,샛별어린이공원(어린이3호),산척동 807-10,2022,3197 ,화성도시공사 공원관리1부,031-267-1286,2024-12-31
251,어린이공원,2동탄,생글어린이공원(어린이공원 4호),산척동 827-1,2021,4440 ,화성도시공사 공원관리1부,031-267-1286,2024-12-31
252,소공원,2동탄,고샅공원,송동 701,2019,409 ,화성도시공사 공원관리1부,031-267-1286,2024-12-31
253,소공원,2동탄,장지빛공원,장지동 1002-7,2019,686 ,화성도시공사 공원관리1부,031-267-1286,2024-12-31
254,소공원,2동탄,오순공원,장지동 923-1,2019,734 ,화성도시공사 공원관리1부,031-267-1286,2024-12-31
255,소공원,2동탄,도순공원,장지동 928-3,2019,1150 ,화성도시공사 공원관리1부,031-267-1286,2024-12-31
256,소공원,2동탄,효행공원,장지동 977-1,2019,4702 ,화성도시공사 공원관리1부,031-267-1286,2024-12-31
257,소공원,2동탄,노을공원,장지동 983-8,2019,736 ,화성도시공사 공원관리1부,031-267-1286,2024-12-31
258,소공원,2동탄,22호 소공원,장지동 999-1,2019,330 ,화성도시공사 공원관리1부,031-267-1286,2024-12-31
259,소공원,2동탄,물류단지내 소공원,신동 703-4번지,2018,4803 ,화성도시공사 공원관리1부,031-267-1286,2024-12-31
260,소공원,2동탄,제15호 소공원(하늬공원),장지동 1114,2020,1375 ,화성도시공사 공원관리1부,031-267-1286,2024-12-31
261,체육공원,2동탄,장지체육공원,장지동 974,2017,36025 ,화성도시공사 공원관리1부,031-267-1286,2024-12-31
262,공공공지,2동탄,동탄2지구 공공공지 3호,"송동 697-8,703-17,704-18,717-10",2019,6475 ,화성도시공사 공원관리1부,031-267-1286,2024-12-31
263,공공공지,2동탄,동탄2지구 공공공지 13호,장지동 일원,2019,3870 ,화성도시공사 공원관리1부,031-267-1286,2024-12-31
264,공공공지,2동탄,동탄2지구 공공공지 13호,"산척동 729-1,730-2,733-1 749-1 장지동 968-3,969-1,750-1,",2019,9577 ,화성도시공사 공원관리1부,031-267-1286,2024-12-31
265,공공공지,2동탄,동탄2지구 공공공지 28호,송동 725-13,2019,410 ,화성도시공사 공원관리1부,031-267-1286,2024-12-31
266,공공공지,2동탄,동탄2지구 공공공지 29호,장지동 924-2,2019,231 ,화성도시공사 공원관리1부,031-267-1286,2024-12-31
267,공공공지,2동탄,동탄2지구 공공공지 30호,장지동 968-2,2019,329 ,화성도시공사 공원관리1부,031-267-1286,2024-12-31
268,공공공지,2동탄,동탄2지구 공공공지 34호,장지동 1053,2019,7360 ,화성도시공사 공원관리1부,031-267-1286,2024-12-31
269,공공공지,2동탄,동탄2지구 공공공지 3호,"장지동 912-10,915-1,945-1,943-14,947-3,948-1,1043-2",2019,6475 ,화성도시공사 공원관리1부,031-267-1286,2024-12-31
270,공공공지,2동탄,동탄2지구 공공공지 47호,"장지동 963-1, 928-1, 964-1, 966-2, 968-1, 924-3 ",2019,12913 ,화성도시공사 공원관리1부,031-267-1286,2024-12-31
271,공공공지,2동탄,동탄2지구 공공공지 56호,장지동 966-1,2019,503 ,화성도시공사 공원관리1부,031-267-1286,2024-12-31
272,공공공지,2동탄,동탄2지구 공공공지 57호,장지동 964-2,2019,461 ,화성도시공사 공원관리1부,031-267-1286,2024-12-31
273,공공공지,2동탄,동탄2지구 공공공지 67호,송동 681-450,2019,3917 ,화성도시공사 공원관리1부,031-267-1286,2024-12-31
274,공공공지,2동탄,공공공지 71호,"산척동 801-1, 802-1",2023,2588 ,화성도시공사 공원관리1부,031-267-1286,2024-12-31
275,공공공지,2동탄,동탄2지구 공공공지 81호,송동 695-1,2020,3662 ,화성도시공사 공원관리1부,031-267-1286,2024-12-31
276,공공공지,2동탄,동탄2지구 공공공지 84호,"장지동 921-1,922-1,924-1",2019,10063 ,화성도시공사 공원관리1부,031-267-1286,2024-12-31
277,공공공지,2동탄,동탄2지구 공공공지 85호,송동 697-9,2019,95 ,화성도시공사 공원관리1부,031-267-1286,2024-12-31
278,공공공지,2동탄,동탄2지구 공공공지 87호,-,2019,96 ,화성도시공사 공원관리1부,031-267-1286,2024-12-31
279,공공공지,2동탄,공공공지 87호,"장지동 1127,1128,1129,1129-3",2023,5606 ,화성도시공사 공원관리1부,031-267-1286,2024-12-31
280,공공공지,2동탄,동탄2지구 공공공지 88호,장지동 910-196 일원,2019,467 ,화성도시공사 공원관리1부,031-267-1286,2024-12-31
281,공공공지,2동탄,동탄2지구 공공공지 47호,"청계동 512-1,519-2,520-1,564-2, 오산동 1078-2",2019,40521 ,화성도시공사 공원관리1부,031-267-1286,2024-12-31
282,공공공지,2동탄,동탄2지구 공공공지 90호,"장지동 1100,1024-1,1042,944-2, 1038,1040,1048,1049,1059,1060, ",2019,64773 ,화성도시공사 공원관리1부,031-267-1286,2024-12-31
283,공공공지,2동탄,동탄2지구 공공공지 91호,"장지동 1031-13, 1028-7",2019,992 ,화성도시공사 공원관리1부,031-267-1286,2024-12-31
284,공공공지,2동탄,동탄2지구 공공공지 92호,"장지동 1025-4, 1026-4, 1027-9, 1032-4, 933-14, 933-15",2019,8064 ,화성도시공사 공원관리1부,031-267-1286,2024-12-31
285,공공공지,2동탄,동탄2지구 공공공지 93호,장지동 971-8,2019,2829 ,화성도시공사 공원관리1부,031-267-1286,2024-12-31
286,공공공지,2동탄,동탄2지구 공공공지 94호,"장지동 1022-8, 977-2, 983-9, 991-8, 1000-12, 1004-5",2019,12318 ,화성도시공사 공원관리1부,031-267-1286,2024-12-31
287,공공공지,2동탄,동탄2지구 공공공지 95호,"장지동 1012-1, 1011-3",2019,383 ,화성도시공사 공원관리1부,031-267-1286,2024-12-31
288,공공공지,2동탄,동탄2지구 공공공지 98호,송동 682-3,2019,3349 ,화성도시공사 공원관리1부,031-267-1286,2024-12-31
289,근린공원,1동탄,구봉산근린공원,병점동 865 일원,2004,99366 ,화성도시공사 공원관리1부,031-267-1286,2024-12-31
290,근린공원,1동탄,병점근린공원,병점동 823 일원,2004,49171 ,화성도시공사 공원관리1부,031-267-1286,2024-12-31
291,근린공원,1동탄,반달중앙공원,반월동 880-5 일원,2007,10289 ,화성도시공사 공원관리1부,031-267-1286,2024-12-31
292,근린공원,1동탄,행복근린공원,반월동 875 일원(동탄지성로 312),2007,14215 ,화성도시공사 공원관리1부,031-267-1286,2024-12-31
293,근린공원,1동탄,다람산공원,진안동 141 일원,2008,70881 ,화성도시공사 공원관리1부,031-267-1286,2024-12-31
294,근린공원,1동탄,새봄공원(1호근린공원),병점동 756-33 일원(롯데 캐슬),2021,19263 ,화성도시공사 공원관리1부,031-267-1286,2024-12-31
295,근린공원,1동탄,반월3지구 나노시티파크,반월동 564-6 일원,2022,24052 ,화성도시공사 공원관리1부,031-267-1286,2024-12-31
296,근린공원,1동탄,반월물빛공원,반월동 34-2,2023,10222 ,화성도시공사 공원관리1부,031-267-1286,2024-12-31
297,근린공원,1동탄,노을공원(병점 근린공원),"병점동 900, -1",2023,38019 ,화성도시공사 공원관리1부,031-267-1286,2024-12-31
298,근린공원,1동탄,능동 근린공원,능동 666-1번지 일원,2023,19659 ,화성도시공사 공원관리1부,031-267-1286,2024-12-31
299,어린이공원,1동탄,종이비행기 어린이공원,진안동 855-3,2006,1535 ,화성도시공사 공원관리1부,031-267-1286,2024-12-31
300,어린이공원,1동탄,색종이 어린이공원,진안동 861-1,2006,1484 ,화성도시공사 공원관리1부,031-267-1286,2024-12-31
301,어린이공원,1동탄,숨바꼭질 어린이공원,진안동 866-6,2006,1450 ,화성도시공사 공원관리1부,031-267-1286,2024-12-31
302,어린이공원,1동탄,물빛 어린이공원,진안동 887-1,2006,2155 ,화성도시공사 공원관리1부,031-267-1286,2024-12-31
303,어린이공원,1동탄,느티 어린이공원,진안동 920,2004,1506 ,화성도시공사 공원관리1부,031-267-1286,2024-12-31
304,어린이공원,1동탄,은행 어린이공원,진안동 916-1,2004,1655 ,화성도시공사 공원관리1부,031-267-1286,2024-12-31
305,어린이공원,1동탄,산수유 어린이공원,진안동 912-1,2004,1513 ,화성도시공사 공원관리1부,031-267-1286,2024-12-31
306,어린이공원,1동탄,회화 어린이공원,병점동 847-1,2004,1501 ,화성도시공사 공원관리1부,031-267-1286,2024-12-31
307,어린이공원,1동탄,장미 어린이공원,병점동 855,2004,3222 ,화성도시공사 공원관리1부,031-267-1286,2024-12-31
308,어린이공원,1동탄,매화 어린이공원,병점동 857,2004,2181 ,화성도시공사 공원관리1부,031-267-1286,2024-12-31
309,어린이공원,1동탄,정든 어린이공원,병점동 858-1,2004,1500 ,화성도시공사 공원관리1부,031-267-1286,2024-12-31
310,어린이공원,1동탄,목련 어린이공원,병점동 859-4,2004,1646 ,화성도시공사 공원관리1부,031-267-1286,2024-12-31
311,어린이공원,1동탄,살구꽃 어린이공원,병점동 863-1,2004,1500 ,화성도시공사 공원관리1부,031-267-1286,2024-12-31
312,어린이공원,1동탄,철쭉 어린이공원,진안동 909-1,2004,2044 ,화성도시공사 공원관리1부,031-267-1286,2024-12-31
313,어린이공원,1동탄,안화 어린이공원,병점동 840,2004,1552 ,화성도시공사 공원관리1부,031-267-1286,2024-12-31
314,어린이공원,1동탄,해당화 어린이공원,병점동 838,2004,1524 ,화성도시공사 공원관리1부,031-267-1286,2024-12-31
315,어린이공원,1동탄,느치미 어린이공원,병점동 835-2,2004,1506 ,화성도시공사 공원관리1부,031-267-1286,2024-12-31
316,어린이공원,1동탄,햇빛 어린이공원 (반월1호),반월동 184-3 일원,2002,6768 ,화성도시공사 공원관리1부,031-267-1286,2024-12-31
317,어린이공원,1동탄,사랑 어린이공원 (반월2호),반월동 859,2002,3270 ,화성도시공사 공원관리1부,031-267-1286,2024-12-31
318,어린이공원,1동탄,꿈나라 어린이공원 (반월3호),반월동 167-1일원,2002,1735 ,화성도시공사 공원관리1부,031-267-1286,2024-12-31
319,어린이공원,1동탄,자연 어린이공원 (반월4호),반월동 184-5,2002,1405 ,화성도시공사 공원관리1부,031-267-1286,2024-12-31
320,어린이공원,1동탄,해오름 어린이공원 (반월5호),반월동 144-15,2002,1471 ,화성도시공사 공원관리1부,031-267-1286,2024-12-31
321,어린이공원,1동탄,반달 어린이공원 (두산1호),반월동 881-2일원,2007,5061 ,화성도시공사 공원관리1부,031-267-1286,2024-12-31
322,어린이공원,1동탄,율목 어린이공원 (두산2호),반월동 883-1,2007,6947 ,화성도시공사 공원관리1부,031-267-1286,2024-12-31
323,어린이공원,1동탄,푸르지오 어린이공원(당굴공원),반월동 885-1,2007,9415 ,화성도시공사 공원관리1부,031-267-1286,2024-12-31
324,어린이공원,1동탄,행림 어린이공원,반월동 873,2004,1500 ,화성도시공사 공원관리1부,031-267-1286,2024-12-31
325,어린이공원,1동탄,노을어린이공원 (틀뫼1호),기산동 463-21일원,2005,4859 ,화성도시공사 공원관리1부,031-267-1286,2024-12-31
326,어린이공원,1동탄,푸른꿈어린이공원 (틀뫼2호),기산동 383-2일원,2005,1671 ,화성도시공사 공원관리1부,031-267-1286,2024-12-31
327,어린이공원,1동탄,참누리중앙어린이공원 (울트라1호),기산동 467-1,2007,2223 ,화성도시공사 공원관리1부,031-267-1286,2024-12-31
328,어린이공원,1동탄,크로바 어린이공원 (울트라2호),기산동 468-1,2007,2693 ,화성도시공사 공원관리1부,031-267-1286,2024-12-31
329,어린이공원,1동탄,반월4지구 어린이공원(반나리공원),반월동 960-4,2017,1758 ,화성도시공사 공원관리1부,031-267-1286,2024-12-31
330,어린이공원,1동탄,반정2지구 어린이공원 1호,반정동 621-117,2023,1500 ,화성도시공사 공원관리1부,031-267-1286,2024-12-31
331,어린이공원,1동탄,능동 공공지원 촉진지구 어린이1호,능동 596 일원,2023,1577 ,화성도시공사 공원관리1부,031-267-1286,2024-12-31
332,소공원,1동탄,틀뫼3호공원,반월동 959-2,2016,2473 ,화성도시공사 공원관리1부,031-267-1286,2024-12-31
333,소공원,1동탄,병점2지구 소공원,병점동873번지,2016,1211 ,화성도시공사 공원관리1부,031-267-1286,2024-12-31
334,소공원,1동탄,sk뷰 소공원(꽃무지),반월동 944-2,2015,382 ,화성도시공사 공원관리1부,031-267-1286,2024-12-31
335,소공원,1동탄,제86호 소공원(꽃마리),기산동 476-1,2017,6208 ,화성도시공사 공원관리1부,031-267-1286,2024-12-31
336,소공원,1동탄,제87호 소공원(솜다리),기산동 476-6,2017,746 ,화성도시공사 공원관리1부,031-267-1286,2024-12-31
337,소공원,1동탄,소공원89호,반월동 965,2018,4197 ,화성도시공사 공원관리1부,031-267-1286,2024-12-31
338,소공원,1동탄,능동지구 소공원,능동 1283-2,2018,850 ,화성도시공사 공원관리1부,031-267-1286,2024-12-31
339,소공원,1동탄,기산1지구 소공원84호,기산동 478-2,2019,1825 ,화성도시공사 공원관리1부,031-267-1286,2024-12-31
340,소공원,1동탄,기산1지구 소공원85호,기산동 478-6,2019,3685 ,화성도시공사 공원관리1부,031-267-1286,2024-12-31
341,소공원,1동탄,벌말공원 (병점동 소공원),병점동 532-11,2020,1373 ,화성도시공사 공원관리1부,031-267-1286,2024-12-31
342,소공원,1동탄,반월3지구(소공원83),반월동 973-5,2022,339 ,화성도시공사 공원관리1부,031-267-1286,2024-12-31
343,소공원,1동탄,병점복합타운1단계 소공원,진안동 946-1,2023,1950 ,화성도시공사 공원관리1부,031-267-1286,2024-12-31
344,문화공원,1동탄,병점복합타운1단계 문화공원2호(어귀공원),"진안동 939-4,5,6",2023,4967 ,화성도시공사 공원관리1부,031-267-1286,2024-12-31
345,문화공원,1동탄,병점복합타운2단계 문화공원(이음공원),진안동 946-9,2023,4139 ,화성도시공사 공원관리1부,031-267-1286,2024-12-31
346,수변공원,1동탄,반정2지구 반재수변공원,반정동44-35,,3591 ,화성도시공사 공원관리1부,031-267-1286,2024-12-31
347,쌈지공원,1동탄,벌말 체육공원,병점동 420일원,2012,3917 ,화성도시공사 공원관리1부,031-267-1286,2024-12-31
348,쌈지공원,1동탄,진안동 쌈지공원,진안동 692-326,2014,951 ,화성도시공사 공원관리1부,031-267-1286,2024-12-31
349,쌈지공원,1동탄,기산동 쌈지공원,"기산동 446-3, 반정동 603-2",2015,400 ,화성도시공사 공원관리1부,031-267-1286,2024-12-31
350,쌈지공원,1동탄,병점동 쌈지공원1,병점동 511-1번지 일원,2022,939 ,화성도시공사 공원관리1부,031-267-1286,2024-12-31
351,쌈지공원,1동탄,반월동 쌈지공원1,반월동 170-10번지 일원,2013,230 ,화성도시공사 공원관리1부,031-267-1286,2024-12-31
352,쌈지공원,1동탄,반월동 쌈지공원2,"반월동 210-7, -9, 211-6, -8, -10, 212-1, -3, -5, 214-4, 744-1, 287-3, -10, -11, -12, -13, 744",2023,794 ,화성도시공사 공원관리1부,031-267-1286,2024-12-31
353,쌈지공원,1동탄,진안동 쌈지공원2,"진안동 693-13-8, 684-6, 697-4, 684-5",2023,192 ,화성도시공사 공원관리1부,031-267-1286,2024-12-31
354,공공공지,1동탄,진안 공공공지,진안동 933,2006,12422 ,화성도시공사 공원관리1부,031-267-1286,2024-12-31
355,공공공지,1동탄,병점2지구 2호공공공지,병점동 879 일원,2016,172 ,화성도시공사 공원관리1부,031-267-1286,2024-12-31
356,공공공지,1동탄,병점2지구 3호공공공지,병점동 878 일원,2016,123 ,화성도시공사 공원관리1부,031-267-1286,2024-12-31
357,공공공지,1동탄,공공공지2호,반월동 962-2번지 일원,2018,251 ,화성도시공사 공원관리1부,031-267-1286,2024-12-31
358,공공공지,1동탄,병점역 공공공지,병점동 351-8,2020,178 ,화성도시공사 공원관리1부,031-267-1286,2024-12-31
359,공공공지,1동탄,병점지구 1호 공공공지,진안동 832-107,2021,4880 ,화성도시공사 공원관리1부,031-267-1286,2024-12-31
360,공공공지,1동탄,반월3지구 공공공지,반월동 973-3,2022,360 ,화성도시공사 공원관리1부,031-267-1286,2024-12-31
361,공공공지,1동탄,반월지구 공공공지1호,반월동 30-4 일원,2023,322 ,화성도시공사 공원관리1부,031-267-1286,2024-12-31
362,공공공지,1동탄,반월지구 공공공지2호,반월동 24-11 일원,2023,64 ,화성도시공사 공원관리1부,031-267-1286,2024-12-31
363,공공공지,1동탄,반월지구 공공공지3호,반월동 39 일원,2023,791 ,화성도시공사 공원관리1부,031-267-1286,2024-12-31
364,공공공지,1동탄,병점 공공공지,병점동 868-1,2003,161 ,화성도시공사 공원관리1부,031-267-1286,2024-12-31
365,공공공지,1동탄,병점복합타운 1단계 공공공지,"병점동 902-1,-2,-3-4,-5진안동 948-1, -4",2023,3245 ,화성도시공사 공원관리1부,031-267-1286,2024-12-31
366,공공공지,1동탄,능동 공공지원 촉진지구 공공공지1호,능동 1293 일원,2003,1311 ,화성도시공사 공원관리1부,031-267-1286,2024-12-31
367,공공공지,1동탄,능동 공공지원 촉진지구 공공공지2호,능동 1289 일원,2023,40 ,화성도시공사 공원관리1부,031-267-1286,2024-12-31
368,근린공원,비봉,1호 근린공원 (별솔공원),새솔동 28,2021,11634 ,화성도시공사 공원관리2부,031-8059-6433,2024-12-31
369,근린공원,비봉,1호근린 늘봄맞이 공원,"남양리 2214, 2219-2",2019,47906 ,화성도시공사 공원관리2부,031-8059-6433,2024-12-31
370,근린공원,비봉,2호 근린공원 (수노을중앙공원),"새솔동 83, 97",2018,84295 ,화성도시공사 공원관리2부,031-8059-6433,2024-12-31
371,근린공원,비봉,2호근린 풀 향기 숲공원,남양리 2194,2019,89449 ,화성도시공사 공원관리2부,031-8059-6433,2024-12-31
372,근린공원,비봉,3호근린 꽃내음 언덕공원,북양리 695,2019,57569 ,화성도시공사 공원관리2부,031-8059-6433,2024-12-31
373,근린공원,비봉,4호근린 너른 고향 들,"남양리 2255, 2258-11, 2259, 2263",2019,95047 ,화성도시공사 공원관리2부,031-8059-6433,2024-12-31
374,근린공원,비봉,5호근린 돋음볕 공원,"남양리 2254, 2284",2019,11562 ,화성도시공사 공원관리2부,031-8059-6433,2024-12-31
375,근린공원,비봉,6호근린 솔바람 공원,남양리 2309,2019,12042 ,화성도시공사 공원관리2부,031-8059-6433,2024-12-31
376,근린공원,비봉,7호근린 마을어귀 길,"남양리 2300-1, 2318-1, 2339-1",2019,16426 ,화성도시공사 공원관리2부,031-8059-6433,2024-12-31
377,근린공원,서부,경기화성바이오밸리 1호 근린공원,마도면 청원리 산157-1번지 일원 (청원리 1516),2017,30753 ,화성도시공사 공원관리2부,031-8059-6433,2024-12-31
378,근린공원,비봉,남양1호 근린공원,남양동 2038 일원,2010,52161 ,화성도시공사 공원관리2부,031-8059-6433,2024-12-31
379,근린공원,비봉,남양2-1호 근린공원,"남양동 2057-1,2057-2,2037-1",2010,3700 ,화성도시공사 공원관리2부,031-8059-6433,2024-12-31
380,근린공원,비봉,남양2-2호 근린공원,"남양읍 남양리 2145,2146",2010,15339 ,화성도시공사 공원관리2부,031-8059-6433,2024-12-31
381,근린공원,비봉,남양3호 근린공원,남양읍 남양리 2060,2010,5243 ,화성도시공사 공원관리2부,031-8059-6433,2024-12-31
382,근린공원,서부,마도 근린공원,마도면 쌍송리 673 일원,2005,21551 ,화성도시공사 공원관리2부,031-8059-6433,2024-12-31
383,근린공원,서부,송산3.1기념공원,"송산면 사강리 557-1,562-1,562-2,558-4,558-6,299-3,299-4",2007,9574 ,화성도시공사 공원관리2부,031-8059-6433,2024-12-31
384,근린공원,비봉,신남근린공원,남양읍 신남리 산64-3번지 일원,2023,28957 ,화성도시공사 공원관리2부,031-8059-6433,2024-12-31
385,근린공원,서부,전곡2호 근린공원,서신면 전곡리 800,1998,3728 ,화성도시공사 공원관리2부,031-8059-6433,2024-12-31
386,근린공원,서부,전곡공원1호,장외리 642,2015,41952 ,화성도시공사 공원관리2부,031-8059-6433,2024-12-31
387,근린공원,서부,전곡공원4호,"장외리 631,628",2015,14991 ,화성도시공사 공원관리2부,031-8059-6433,2024-12-31
388,어린이공원,비봉,10호어린이 살랑살랑 어린이공원,남양리 2157,2019,1610 ,화성도시공사 공원관리2부,031-8059-6433,2024-12-31
389,어린이공원,비봉,1호 어린이공원,남양읍 남양리 2015,2011,1500 ,화성도시공사 공원관리2부,031-8059-6433,2024-12-31
390,어린이공원,비봉,1호 어린이공원(맑은가람공원),새솔동 165,2021,2922 ,화성도시공사 공원관리2부,031-8059-6433,2024-12-31
391,어린이공원,비봉,1호어린이 파릇파릇 어린이공원,남양리 2203,2019,1573 ,화성도시공사 공원관리2부,031-8059-6433,2024-12-31
392,어린이공원,비봉,2호 어린이공원,남양읍 남양리 2036,2011,2310 ,화성도시공사 공원관리2부,031-8059-6433,2024-12-31
393,어린이공원,비봉,2호 어린이공원(새버들공원),새솔동 146,2021,1608 ,화성도시공사 공원관리2부,031-8059-6433,2024-12-31
394,어린이공원,비봉,2호어린이 꿈틀꿈틀 놀이터,남양리 2211-1,2019,1590 ,화성도시공사 공원관리2부,031-8059-6433,2024-12-31
395,어린이공원,비봉,3호 어린이공원,남양읍 남양리 2042,2011,1504 ,화성도시공사 공원관리2부,031-8059-6433,2024-12-31
396,어린이공원,비봉,3호 어린이공원(가온공원),새솔동 114,2020,5071 ,화성도시공사 공원관리2부,031-8059-6433,2024-12-31
397,어린이공원,비봉,3호어린이 산들산들 어린이공원,남양리 2220,2019,1680 ,화성도시공사 공원관리2부,031-8059-6433,2024-12-31
398,어린이공원,비봉,4호 어린이공원,남양읍 남양리 2066,2011,1515 ,화성도시공사 공원관리2부,031-8059-6433,2024-12-31
399,어린이공원,비봉,4호 어린이공원(해오름공원),새솔동 15,2018,4944 ,화성도시공사 공원관리2부,031-8059-6433,2024-12-31
400,어린이공원,비봉,4호어린이 풍덩풍덩 어린이공원,남양리 2234,2019,1758 ,화성도시공사 공원관리2부,031-8059-6433,2024-12-31
401,어린이공원,비봉,5호 어린이공원,납양읍 남양리 2053,2011,1499 ,화성도시공사 공원관리2부,031-8059-6433,2024-12-31
402,어린이공원,비봉,5호 어린이공원(누리봄공원),새솔동 72,2021,1656 ,화성도시공사 공원관리2부,031-8059-6433,2024-12-31
403,어린이공원,비봉,5호어린이 첨벙첨벙 어린이공원,남양리 2276,2019,3555 ,화성도시공사 공원관리2부,031-8059-6433,2024-12-31
404,어린이공원,비봉,6호 어린이공원(도담공원),새솔동 48,2021,2444 ,화성도시공사 공원관리2부,031-8059-6433,2024-12-31
405,어린이공원,비봉,6호어린이 질퍽질퍽 어린이공원,남양리 2250,2019,1541 ,화성도시공사 공원관리2부,031-8059-6433,2024-12-31
406,어린이공원,비봉,7호어린이 용알 어린이공원,남양리 2286,2019,2695 ,화성도시공사 공원관리2부,031-8059-6433,2024-12-31
407,어린이공원,비봉,8호어린이 방울방울 어린이공원,남양리 2301,2019,1503 ,화성도시공사 공원관리2부,031-8059-6433,2024-12-31
408,어린이공원,비봉,9호어린이 반짝반짝 어린이공원,남양리 2313,2019,2986 ,화성도시공사 공원관리2부,031-8059-6433,2024-12-31
409,어린이공원,서부,전곡1호 어린이공원,서신면 전곡리 1052,1998,924 ,화성도시공사 공원관리2부,031-8059-6433,2024-12-31
410,어린이공원,서부,전곡3호 어린이공원,서신면 전곡리 867,1998,930 ,화성도시공사 공원관리2부,031-8059-6433,2024-12-31
411,어린이공원,서부,전곡4호 어린이공원,서신면 전곡리 920,1998,1390 ,화성도시공사 공원관리2부,031-8059-6433,2024-12-31
412,소공원,비봉,소공원1호,남양리 2264,2019,260 ,화성도시공사 공원관리2부,031-8059-6433,2024-12-31
413,소공원,비봉,소공원2호,남양리 2271-1,2019,464 ,화성도시공사 공원관리2부,031-8059-6433,2024-12-31
414,소공원,서부,소공원8호,송산면 지화리 684,2021,366 ,화성도시공사 공원관리2부,031-8059-6433,2024-12-31
415,소공원,서부,소공원9호,송산면 중송리 578-1,2021,2000 ,화성도시공사 공원관리2부,031-8059-6433,2024-12-31
416,소공원,비봉,양노리소공원,비봉면 양노리 738-54,2014,301 ,화성도시공사 공원관리2부,031-8059-6433,2024-12-31
417,소공원,비봉,우림아파트소공원,남양읍 남양리 1865-19,2008,1600 ,화성도시공사 공원관리2부,031-8059-6433,2024-12-31
418,소공원,서부,전곡공원2,전곡리 1097,2015,8154 ,화성도시공사 공원관리2부,031-8059-6433,2024-12-31
419,소공원,서부,전곡공원5,전곡리 1091-4,2015,516 ,화성도시공사 공원관리2부,031-8059-6433,2024-12-31
420,체육공원,비봉,1호 체육 푸른건강 뜰,"남양리 2236, 2237",2019,64136 ,화성도시공사 공원관리2부,031-8059-6433,2024-12-31
421,체육공원,비봉,2호 체육공원(봉선체육공원),새솔동 126,2018,36254 ,화성도시공사 공원관리2부,031-8059-6433,2024-12-31
422,체육공원,서부,경기화성바이오밸리 2호 체육공원,마도면 청원리 1512일원,2017,24595 ,화성도시공사 공원관리2부,031-8059-6433,2024-12-31
423,체육공원,비봉,매송체육공원,"매송면 원평리 579,580",2016,16250 ,화성도시공사 공원관리2부,031-8059-6433,2024-12-31
424,체육공원,비봉,비봉체육공원,"새솔동167, 168",2018,177737 ,화성도시공사 공원관리2부,031-8059-6433,2024-12-31
425,체육공원,서부,전곡공원3호,전곡리 1112,2015,11790 ,화성도시공사 공원관리2부,031-8059-6433,2024-12-31
426,문화공원,서부,문화공원1호,송산면 지화리 682,2021,803 ,화성도시공사 공원관리2부,031-8059-6433,2024-12-31
427,문화공원,서부,문화공원2호,송산면 지화리 690,2021,774 ,화성도시공사 공원관리2부,031-8059-6433,2024-12-31
428,문화공원,서부,문화공원3호,송산면 지화리 682-11,2021,491 ,화성도시공사 공원관리2부,031-8059-6433,2024-12-31
429,문화공원,서부,문화공원4호,송산면 지화리 692,2021,732 ,화성도시공사 공원관리2부,031-8059-6433,2024-12-31
430,문화공원,서부,문화공원5호,송산면 지화리 683-5,2021,1776 ,화성도시공사 공원관리2부,031-8059-6433,2024-12-31
431,문화공원,서부,문화공원6호,송산면 중송리 575,2021,964 ,화성도시공사 공원관리2부,031-8059-6433,2024-12-31
432,문화공원,서부,문화공원7호,송산면 지화리 685-5,2021,668 ,화성도시공사 공원관리2부,031-8059-6433,2024-12-31
433,수변공원,서부,1호 수변공원,송산면 중송리 582번지 일원,2021,24897 ,화성도시공사 공원관리2부,031-8059-6433,2024-12-31
434,수변공원,서부,경기화성바이오밸리 3호 수변공원,"마도면 청원리 1508,9,12,13,14,15,1511일원",2017,186632 ,화성도시공사 공원관리2부,031-8059-6433,2024-12-31
435,쌈지공원,비봉,구포리 소공원,비봉면 구포리 63-4일원,2008,2900 ,화성도시공사 공원관리2부,031-8059-6433,2024-12-31
436,쌈지공원,비봉,남양 비석공원,남양읍 남양리 1868일월,2004,4268 ,화성도시공사 공원관리2부,031-8059-6433,2024-12-31
437,쌈지공원,비봉,남양천 소공원,남양읍 남양리 1865-21,2008,848 ,화성도시공사 공원관리2부,031-8059-6433,2024-12-31
438,쌈지공원,서부,마도 쌈지공원,마도면 석교리 243-24,2022,809 ,화성도시공사 공원관리2부,031-8059-6433,2024-12-31
439,쌈지공원,비봉,매송 쌈지공원(천천리 어린이놀이터),매송면 천천리 185-1,2018,800 ,화성도시공사 공원관리2부,031-8059-6433,2024-12-31
440,쌈지공원,비봉,매송 원평리 쌈지공원,매송면 원평리 141-2,2022,329 ,화성도시공사 공원관리2부,031-8059-6433,2024-12-31
441,쌈지공원,서부,매화 쌈지공원,서신면 매화리 292-2일원,2014,942 ,화성도시공사 공원관리2부,031-8059-6433,2024-12-31
442,쌈지공원,서부,바다뜰 쌈지공원,서신면 매화리 214-4,2020,743 ,화성도시공사 공원관리2부,031-8059-6433,2024-12-31
443,쌈지공원,비봉,벌터 쌈지공원,매송면 원평리 537-2 일원,2020,1157 ,화성도시공사 공원관리2부,031-8059-6433,2024-12-31
444,쌈지공원,비봉,비봉 쌈지공원(1),비봉면 구포리 산6-22,2014,1167 ,화성도시공사 공원관리2부,031-8059-6433,2024-12-31
445,쌈지공원,비봉,비봉 쌈지공원(2),비봉면 양노리 180-9,2019,569 ,화성도시공사 공원관리2부,031-8059-6433,2024-12-31
446,쌈지공원,비봉,비봉 쌈지공원(3),비봉면 양노리 705-4,2019,774 ,화성도시공사 공원관리2부,031-8059-6433,2024-12-31
447,쌈지공원,서부,송산 쌈지공원,송산면 독지리 173-2,2013,1280 ,화성도시공사 공원관리2부,031-8059-6433,2024-12-31
448,쌈지공원,비봉,어천저수지 쌈지공원,"매송면 원평리 208, 208-1, 208-2",2020,2000 ,화성도시공사 공원관리2부,031-8059-6433,2024-12-31
449,쌈지공원,서부,제부도 쌈지공원,"서신면 제부리 40-37일원,42-28일원",2004,6459 ,화성도시공사 공원관리2부,031-8059-6433,2024-12-31
450,쌈지공원,비봉,천천리 가로공원,매송면 천천리 91-3일원,2006,2910 ,화성도시공사 공원관리2부,031-8059-6433,2024-12-31
451,쌈지공원,비봉,한가울 쌈지공원,남양리 727-1,2020,219 ,화성도시공사 공원관리2부,031-8059-6433,2024-12-31
452,공공공지,비봉,공공공지1호,남양리 2320-6,2019,1855 ,화성도시공사 공원관리2부,031-8059-6433,2024-12-31
453,공공공지,비봉,공공공지2호,남양리 2322-1,2019,1199 ,화성도시공사 공원관리2부,031-8059-6433,2024-12-31
454,공공공지,비봉,송산그린시티 공공공지 1,새솔동 99-7,2020,39 ,화성도시공사 공원관리2부,031-8059-6433,2024-12-31
455,공공공지,비봉,송산그린시티 공공공지 10,새솔동 123-3,2021,1129 ,화성도시공사 공원관리2부,031-8059-6433,2024-12-31
456,공공공지,비봉,송산그린시티 공공공지 2,새솔동 101-1,2020,334 ,화성도시공사 공원관리2부,031-8059-6433,2024-12-31
457,공공공지,비봉,송산그린시티 공공공지 3,새솔동 51-16,2020,120 ,화성도시공사 공원관리2부,031-8059-6433,2024-12-31
458,공공공지,비봉,송산그린시티 공공공지 4,새솔동 52-6,2020,616 ,화성도시공사 공원관리2부,031-8059-6433,2024-12-31
459,공공공지,비봉,송산그린시티 공공공지 5,새솔동 58-6,2020,568 ,화성도시공사 공원관리2부,031-8059-6433,2024-12-31
460,공공공지,비봉,송산그린시티 공공공지 6,새솔동 54-1,2020,129 ,화성도시공사 공원관리2부,031-8059-6433,2024-12-31
461,공공공지,비봉,송산그린시티 공공공지 7,새솔동 57-18,2020,755 ,화성도시공사 공원관리2부,031-8059-6433,2024-12-31
462,공공공지,비봉,송산그린시티 공공공지 8,새솔동 57-6,2020,746 ,화성도시공사 공원관리2부,031-8059-6433,2024-12-31
463,공공공지,비봉,송산그린시티 공공공지 9,새솔동 60-1,2020,126 ,화성도시공사 공원관리2부,031-8059-6433,2024-12-31
464,공공공지,서부,전곡리 공공공지,전곡리 1091-5,2015,416 ,화성도시공사 공원관리2부,031-8059-6433,2024-12-31
465,공공공지,서부,황금해안길 제부교차로,서신면 송교리 380,2018,181 ,화성도시공사 공원관리2부,031-8059-6433,2024-12-31
466,광장,비봉,경관광장 1,새솔동 84-10,2020,126 ,화성도시공사 공원관리2부,031-8059-6433,2024-12-31
467,광장,비봉,경관광장 2,새솔동 85-15,2020,136 ,화성도시공사 공원관리2부,031-8059-6433,2024-12-31
468,광장,비봉,경관광장 3,새솔동 89-14,2020,135 ,화성도시공사 공원관리2부,031-8059-6433,2024-12-31
469,광장,비봉,경관광장 4,새솔동 88-14,2020,135 ,화성도시공사 공원관리2부,031-8059-6433,2024-12-31
470,광장,비봉,경관광장 5,새솔동 57-12,2020,536 ,화성도시공사 공원관리2부,031-8059-6433,2024-12-31
471,광장,비봉,광장1호,남양리 2232-7,2019,1304 ,화성도시공사 공원관리2부,031-8059-6433,2024-12-31
472,광장,비봉,광장2호,남양리 2231,2019,1286 ,화성도시공사 공원관리2부,031-8059-6433,2024-12-31
473,광장,비봉,광장3호,남양리 2323-1,2019,3751 ,화성도시공사 공원관리2부,031-8059-6433,2024-12-31
474,광장,비봉,광장4호,남양리 2273-1,2019,579 ,화성도시공사 공원관리2부,031-8059-6433,2024-12-31
475,광장,서부,매바위광장,서신면 제부리 190-223 일원,2019,3624 ,화성도시공사 공원관리2부,031-8059-6433,2024-12-31
476,광장,비봉,일반광장 1호(한우리광장),새솔동 136-3,2021,781 ,화성도시공사 공원관리2부,031-8059-6433,2024-12-31
477,광장,서부,전곡일반광장,서신면 전곡리 1090,2015,1981 ,화성도시공사 공원관리2부,031-8059-6433,2024-12-31
478,근린공원,중부, 정남산단 1호 근린공원,정남면 음양리 884,2021,7176 ,화성도시공사 공원관리2부,031-8059-6433,2024-12-31
479,근린공원,중부,동화마을 생태공원,"봉담읍 동화리 573, 587일원",2008,161978 ,화성도시공사 공원관리2부,031-8059-6433,2024-12-31
480,근린공원,중부,들녘오름공원(2호 근린),봉담읍 수영리 698,2019,29040 ,화성도시공사 공원관리2부,031-8059-6433,2024-12-31
481,근린공원,중부,봉담호수공원,봉담읍 상리 22-10일원,2007,19282 ,화성도시공사 공원관리2부,031-8059-6433,2024-12-31
482,근린공원,중부,삼봉근린공원(1호 근린),봉담읍 상리 713,2019,32227 ,화성도시공사 공원관리2부,031-8059-6433,2024-12-31
483,근린공원,중부,현충공원,송산동 224 일원,2018,17391 ,화성도시공사 공원관리2부,031-8059-6433,2024-12-31
484,어린이공원,중부,광도아파트 어린이공원,기안동 329-5 일원,2003,1578 ,화성도시공사 공원관리2부,031-8059-6433,2024-12-31
485,어린이공원,중부,나눔 어린이공원,기안동 915,2004,3673 ,화성도시공사 공원관리2부,031-8059-6433,2024-12-31
486,어린이공원,중부,달그림자공원(2호),봉담읍 동화리 578,2008,3037 ,화성도시공사 공원관리2부,031-8059-6433,2024-12-31
487,어린이공원,중부,도란도란 어린이공원,봉담읍 상리 654-1,2019,1907 ,화성도시공사 공원관리2부,031-8059-6433,2024-12-31
488,어린이공원,중부,도토리공원,봉담읍 동화리 227,2023,1720 ,화성도시공사 공원관리2부,031-8059-6433,2024-12-31
489,어린이공원,중부,동화어린이공원,봉담읍 동화리 613,2008,3539 ,화성도시공사 공원관리2부,031-8059-6433,2024-12-31
490,어린이공원,중부,무럭무럭 어린이공원,봉담읍 수영리 690-1,2019,1823 ,화성도시공사 공원관리2부,031-8059-6433,2024-12-31
491,어린이공원,중부,미로 어린이공원,기안동 914,2004,2540 ,화성도시공사 공원관리2부,031-8059-6433,2024-12-31
492,어린이공원,중부,별향 어린이공원,기안동 916,2004,4342 ,화성도시공사 공원관리2부,031-8059-6433,2024-12-31
493,어린이공원,중부,봉담상리 어린이공원,봉담읍 상리 619,2007,1901 ,화성도시공사 공원관리2부,031-8059-6433,2024-12-31
494,어린이공원,중부,봉담수영 어린이공원,봉담읍 수영리 406-6,2007,2284 ,화성도시공사 공원관리2부,031-8059-6433,2024-12-31
495,어린이공원,중부,봉담아이파크 어린이공원(하늘공원),봉담읍 와우리 590-1,2009,1501 ,화성도시공사 공원관리2부,031-8059-6433,2024-12-31
496,어린이공원,중부,봉담호수 어린이공원,봉담읍 상리 22-76일원 (상리 22-13),2008,3120 ,화성도시공사 공원관리2부,031-8059-6433,2024-12-31
497,어린이공원,중부,산새들공원(4호),봉담읍 동화리 605,2008,3654 ,화성도시공사 공원관리2부,031-8059-6433,2024-12-31
498,어린이공원,중부,새싹 어린이공원,기안동 426-7번지,2022,2052 ,화성도시공사 공원관리2부,031-8059-6433,2024-12-31
499,어린이공원,중부,서작현 어린이공원,송산동 155-27 일원,2005,2300 ,화성도시공사 공원관리2부,031-8059-6433,2024-12-31
500,어린이공원,중부,솔뫼 어린이공원(안녕나들공원),안녕동 213,2006,1555 ,화성도시공사 공원관리2부,031-8059-6433,2024-12-31
501,어린이공원,중부,솔빛 어린이공원,기안동 918,2004,1068 ,화성도시공사 공원관리2부,031-8059-6433,2024-12-31
502,어린이공원,중부,솔향기공원(5호),봉담읍 동화리 633,2008,3380 ,화성도시공사 공원관리2부,031-8059-6433,2024-12-31
503,어린이공원,중부,수국 어린이공원,기안동 903,2004,1070 ,화성도시공사 공원관리2부,031-8059-6433,2024-12-31
504,어린이공원,중부,야생초 어린이공원,기안동 896,2004,3514 ,화성도시공사 공원관리2부,031-8059-6433,2024-12-31
505,어린이공원,중부,오순도순 어린이공원(봉담1호 어린이),"봉담읍 수영리 650-68일원, 650-26일원",2003,1200 ,화성도시공사 공원관리2부,031-8059-6433,2024-12-31
506,어린이공원,중부,와우남촌 어린이공원,봉담읍 와우리 52-5일원,2005,1477 ,화성도시공사 공원관리2부,031-8059-6433,2024-12-31
507,어린이공원,중부,피아노숲공원(1호),봉담읍 동화리 565,2008,2114 ,화성도시공사 공원관리2부,031-8059-6433,2024-12-31
508,어린이공원,중부,하늘하늘 어린이공원,봉담읍 상리 632-10,2019,1499 ,화성도시공사 공원관리2부,031-8059-6433,2024-12-31
509,어린이공원,중부,한솔 어린이공원(1호 어린이공원),송산동 256-1,2022,1502 ,화성도시공사 공원관리2부,031-8059-6433,2024-12-31
510,어린이공원,중부,한울1호공원,봉담읍 수영리 672-3,2008,3150 ,화성도시공사 공원관리2부,031-8059-6433,2024-12-31
511,어린이공원,중부,한울2-1호공원,"봉담읍 수영리 676, 677",2008,3982 ,화성도시공사 공원관리2부,031-8059-6433,2024-12-31
512,어린이공원,중부,한울2호공원,봉담읍 수영리 673-2,2008,1500 ,화성도시공사 공원관리2부,031-8059-6433,2024-12-31
513,어린이공원,중부,한울3호 어린이공원,봉담읍 수영리 680,2017,2983 ,화성도시공사 공원관리2부,031-8059-6433,2024-12-31
514,어린이공원,중부,해피트리 어린이공원,기안동 917,2004,2231 ,화성도시공사 공원관리2부,031-8059-6433,2024-12-31
515,소공원,중부,기안3 소공원,기안동 456-96번지,2022,850 ,화성도시공사 공원관리2부,031-8059-6433,2024-12-31
516,소공원,중부,신동아파밀리에아파트 소공원,봉담읍 동화리 441-5 일원 ,2015,4529 ,화성도시공사 공원관리2부,031-8059-6433,2024-12-31
517,소공원,중부,풀내읍 소공원,봉담읍 상리 627-11,2019,393 ,화성도시공사 공원관리2부,031-8059-6433,2024-12-31
518,소공원,중부,해오름공원,봉담읍 와우리 215,2010,4571 ,화성도시공사 공원관리2부,031-8059-6433,2024-12-31
519,체육공원,중부,생태체육공원,봉담읍 상리 716,2019,85608 ,화성도시공사 공원관리2부,031-8059-6433,2024-12-31
520,문화공원,중부,어울림공원,봉담읍 상리 708,2019,17409 ,화성도시공사 공원관리2부,031-8059-6433,2024-12-31
521,문화공원,중부,와우리 문화공원(코리요 문화공원),봉담읍 와우리 595,2016,4590 ,화성도시공사 공원관리2부,031-8059-6433,2024-12-31
522,문화공원,중부,정남산단 1호 문화공원(미래공원),정남면 음양리 932,2021,2811 ,화성도시공사 공원관리2부,031-8059-6433,2024-12-31
523,문화공원,중부,정남산단 2호 문화공원(고인돌공원),정남면 음양리 930,2021,2378 ,화성도시공사 공원관리2부,031-8059-6433,2024-12-31
524,문화공원,중부,정남산단 3호 문화공원(씨앗공원),정남면 음양리 873,2021,2866 ,화성도시공사 공원관리2부,031-8059-6433,2024-12-31
525,문화공원,중부,정남산단 4호 문화공원(나려공원),정남면 음양리 905,2021,504 ,화성도시공사 공원관리2부,031-8059-6433,2024-12-31
526,문화공원,중부,정남산단 5호 문화공원(그린나래공원),정남면 음양리 954,2021,510 ,화성도시공사 공원관리2부,031-8059-6433,2024-12-31
527,수변공원,중부,귀래생태공원,정남면 귀래리 100-1일원,2012,54000 ,화성도시공사 공원관리2부,031-8059-6433,2024-12-31
528,수변공원,중부,물빛공원,와우리 134-2,2022,3659 ,화성도시공사 공원관리2부,031-8059-6433,2024-12-31
529,수변공원,중부,안녕일 수변공원,안녕동 225,2017,6765 ,화성도시공사 공원관리2부,031-8059-6433,2024-12-31
530,수변공원,중부,해담공원(1호 수변공원),"송산동 237-1,2,3, 안녕동 244-1,2,3",2022,10083 ,화성도시공사 공원관리2부,031-8059-6433,2024-12-31
531,역사공원,중부,기배역사공원,기안동 457-543,2019,16078 ,화성도시공사 공원관리2부,031-8059-6433,2024-12-31
532,역사공원,중부,정조효공원,안녕동 228,2022,122628 ,화성도시공사 공원관리2부,031-8059-6433,2024-12-31
533,쌈지공원,중부,관항리 쌈지공원,정남면 관항리 144,2019,640 ,화성도시공사 공원관리2부,031-8059-6433,2024-12-31
534,쌈지공원,중부,광도 쌈지공원,기안동 332-1,2015,30 ,화성도시공사 공원관리2부,031-8059-6433,2024-12-31
535,쌈지공원,중부,괘랑리 쌈지공원,정남면 괘랑리 26-42,2019,553 ,화성도시공사 공원관리2부,031-8059-6433,2024-12-31
536,쌈지공원,중부,남산공단 공영주차장 위 공원,안녕동 178-178,2006,2000 ,화성도시공사 공원관리2부,031-8059-6433,2024-12-31
537,쌈지공원,중부,동문아파트 소공원,안녕동 71-780 일원,2007,2067 ,화성도시공사 공원관리2부,031-8059-6433,2024-12-31
538,쌈지공원,중부,동화리 어린이놀이터(동화리 쌈지공원),동화리 562-15 일원,2018,127 ,화성도시공사 공원관리2부,031-8059-6433,2024-12-31
539,쌈지공원,중부,보통리 쌈지공원,보통리 335-1번지 일원,2018,491 ,화성도시공사 공원관리2부,031-8059-6433,2024-12-31
540,쌈지공원,중부,안녕동 쌈지공원(1),"안녕동 190-102, 103",2012,996 ,화성도시공사 공원관리2부,031-8059-6433,2024-12-31
541,쌈지공원,중부,안녕동 쌈지공원(2),안녕동 190-77,2015,802 ,화성도시공사 공원관리2부,031-8059-6433,2024-12-31
542,쌈지공원,중부,안녕동 쌈지공원(3),안녕동 119-4,2019,403 ,화성도시공사 공원관리2부,031-8059-6433,2024-12-31
543,쌈지공원,중부,안녕동 쌈지공원(4),안녕동 71-651,2023,250 ,화성도시공사 공원관리2부,031-8059-6433,2024-12-31
544,쌈지공원,중부,원송산 마을 쌈지공원(송산동 쌈지),송산동 202-9,2020,107 ,화성도시공사 공원관리2부,031-8059-6433,2024-12-31
545,쌈지공원,중부,품못골저수지 쉼터,배양동 69-6 일원,2007,2400 ,화성도시공사 공원관리2부,031-8059-6433,2024-12-31
546,쌈지공원,중부,협성대 앞 쌈지공원 ,봉담읍 상리 15-38,2010,268 ,화성도시공사 공원관리2부,031-8059-6433,2024-12-31
547,쌈지공원,중부,황계공원,황계동 152-116,2017,540 ,화성도시공사 공원관리2부,031-8059-6433,2024-12-31
548,경관광장,중부,봉담 보행자 도로 수경시설,봉담읍 동화리 601,,75 ,화성도시공사 공원관리2부,031-8059-6433,2024-12-31
549,공공공지,중부,공공공지 2호,송산동 246-6,2022,359 ,화성도시공사 공원관리2부,031-8059-6433,2024-12-31
550,공공공지,중부,공공공지 5호,송산동 256-2,2022,214 ,화성도시공사 공원관리2부,031-8059-6433,2024-12-31
551,공공공지,중부,기안지구 공공공지,기안동 461-12번지(기안동941),2022,1540 ,화성도시공사 공원관리2부,031-8059-6433,2024-12-31
552,공공공지,중부,동화리 공공공지 1호,봉담읍 동화리 301-13,2016,228 ,화성도시공사 공원관리2부,031-8059-6433,2024-12-31
553,공공공지,중부,동화리 공공공지 2호,봉담읍 동화리 301-15,2016,602 ,화성도시공사 공원관리2부,031-8059-6433,2024-12-31
554,공공공지,중부,동화리 공공공지 3호,봉담읍 동화리 305-6,2016,657 ,화성도시공사 공원관리2부,031-8059-6433,2024-12-31
555,공공공지,중부,동화리 공공공지 4호,봉담읍 동화리 391,2016,209 ,화성도시공사 공원관리2부,031-8059-6433,2024-12-31
556,공공공지,중부,동화리 공공공지 5호,봉담읍 동화리 397,2016,255 ,화성도시공사 공원관리2부,031-8059-6433,2024-12-31
557,공공공지,중부,봉담2 공공공지 1호,봉담읍 상리 687-5,2019,718 ,화성도시공사 공원관리2부,031-8059-6433,2024-12-31
558,공공공지,중부,봉담2 공공공지 2호,봉담읍 상리 688-3,2019,2005 ,화성도시공사 공원관리2부,031-8059-6433,2024-12-31
559,공공공지,중부,수인선 수영 숲길(상부공원),봉담읍 수영리 412-1,2021,11134 ,화성도시공사 공원관리2부,031-8059-6433,2024-12-31
560,공공공지,중부,정남산단 1호 공공공지,정남면 음양리 590,2021,134 ,화성도시공사 공원관리2부,031-8059-6433,2024-12-31
561,공공공지,중부,정남산단 2호 공공공지,정남면 음양리 595,2021,137 ,화성도시공사 공원관리2부,031-8059-6433,2024-12-31
562,공공공지,중부,정남산단 3호 공공공지,정남면 음양리 285,2021,124 ,화성도시공사 공원관리2부,031-8059-6433,2024-12-31
563,공공공지,중부,정남산단 4호 공공공지,정남면 음양리 635,2021,125 ,화성도시공사 공원관리2부,031-8059-6433,2024-12-31
564,공공공지,중부,한승미메이드 공공공지,송산동 164-21 일원,2008,853 ,화성도시공사 공원관리2부,031-8059-6433,2024-12-31
565,광장,중부,1호 광장,안녕동 263-4,2022,2230 ,화성도시공사 공원관리2부,031-8059-6433,2024-12-31
566,근린공원,남부,구문천 근린공원,향남읍 구문천리 929-18,2005,27795 ,화성도시공사 공원관리2부,031-8059-6433,2024-12-31
567,근린공원,서부,쌍봉산 근린공원,우정읍 조암리 391-14일원,2007,37235 ,화성도시공사 공원관리2부,031-8059-6433,2024-12-31
568,근린공원,남부,옴뿌리산 근린공원,향남읍 발안리 251,2003,2444 ,화성도시공사 공원관리2부,031-8059-6433,2024-12-31
569,근린공원,서부,장안 1호근린공원,장안면 금의리 760-3 일원,2007,10847 ,화성도시공사 공원관리2부,031-8059-6433,2024-12-31
570,근린공원,서부,장안근린공원 1호,장안면 수촌리 1466 일원,2010,9966 ,화성도시공사 공원관리2부,031-8059-6433,2024-12-31
571,근린공원,서부,장안근린공원 2호,장안면 수촌리 1470-1 일원,2010,13464 ,화성도시공사 공원관리2부,031-8059-6433,2024-12-31
572,근린공원,서부,조암1호 근린공원,우정읍 조암리 791-5 ,2009,12427 ,화성도시공사 공원관리2부,031-8059-6433,2024-12-31
573,근린공원,남부,하길 근린공원,향남읍 하길리 1409-1 ,2005,30201 ,화성도시공사 공원관리2부,031-8059-6433,2024-12-31
574,근린공원,남부,향남1지구 1호근린(용현공원),"향남읍 행정리 460,460-2",2009,18679 ,화성도시공사 공원관리2부,031-8059-6433,2024-12-31
575,근린공원,남부,향남1지구 2호근린(평원공원),향남읍 행정리 444,2009,17954 ,화성도시공사 공원관리2부,031-8059-6433,2024-12-31
576,근린공원,남부,향남1지구 3호근린(살구꽃공원),향남읍 행정리 490,2009,46749 ,화성도시공사 공원관리2부,031-8059-6433,2024-12-31
577,근린공원,남부,향남1지구 4호근린(나래공원),향남읍 행정리 525,2009,43238 ,화성도시공사 공원관리2부,031-8059-6433,2024-12-31
578,근린공원,남부,향남2지구 1호근린(해찬벌공원),향남읍 하길리 1446,2016,12040 ,화성도시공사 공원관리2부,031-8059-6433,2024-12-31
579,근린공원,남부,향남2지구 2호근린(방축공원),"향남읍 하길리 1507-1,1497,방축리468",2016,74534 ,화성도시공사 공원관리2부,031-8059-6433,2024-12-31
580,근린공원,남부,향남2지구 3호근린(오음공원),"향남읍 하길리 1512,1524,1528,1528-1,상신리1252,1281",2016,274519 ,화성도시공사 공원관리2부,031-8059-6433,2024-12-31
581,근린공원,남부,향남2지구 4호근린(신정공원),"향남읍 상신리 1257,1257-1",2016,16049 ,화성도시공사 공원관리2부,031-8059-6433,2024-12-31
582,근린공원,남부,향남2지구 5호근린(한우리공원),향남읍 상신리 1308,2016,34893 ,화성도시공사 공원관리2부,031-8059-6433,2024-12-31
583,근린공원,남부,향남2지구 6호근린(손개공원),"향남읍 상신리 1329-1,4,5,6,7",2016,19084 ,화성도시공사 공원관리2부,031-8059-6433,2024-12-31
584,어린이공원,남부,교통 어린이공원,향남읍 행정리 466,2009,8826 ,화성도시공사 공원관리2부,031-8059-6433,2024-12-31
585,어린이공원,남부,댓골 어린이공원,향남읍 행정리 475-1,2009,3894 ,화성도시공사 공원관리2부,031-8059-6433,2024-12-31
586,어린이공원,남부,도와지뜰 어린이공원,향남읍 발안리 307,2003,2852 ,화성도시공사 공원관리2부,031-8059-6433,2024-12-31
587,어린이공원,남부,도이 어린이공원,향남읍 행정리 483,2009,2398 ,화성도시공사 공원관리2부,031-8059-6433,2024-12-31
588,어린이공원,남부,돌내 어린이공원,향남읍 행정리 517,2009,1671 ,화성도시공사 공원관리2부,031-8059-6433,2024-12-31
589,어린이공원,남부,무궁화 어린이공원,향남읍 발안리 296,2003,4050 ,화성도시공사 공원관리2부,031-8059-6433,2024-12-31
590,어린이공원,남부,미소 어린이공원,향남읍 장짐리 235,2007,1585 ,화성도시공사 공원관리2부,031-8059-6433,2024-12-31
591,어린이공원,남부,배틀 어린이공원,향남읍 발안리 263,2003,2483 ,화성도시공사 공원관리2부,031-8059-6433,2024-12-31
592,어린이공원,남부,벌말 어린이공원,향남읍 행정리 423,2009,6489 ,화성도시공사 공원관리2부,031-8059-6433,2024-12-31
593,어린이공원,남부,상신리 어린이공원,향남읍 상신리 1229-6,2016,367 ,화성도시공사 공원관리2부,031-8059-6433,2024-12-31
594,어린이공원,남부,송곡 어린이공원,향남읍 행정리 454,2009,4290 ,화성도시공사 공원관리2부,031-8059-6433,2024-12-31
595,어린이공원,남부,작은배틀 어린이공원,향남읍 행정리 464,2009,3346 ,화성도시공사 공원관리2부,031-8059-6433,2024-12-31
596,어린이공원,남부,장짐 어린이공원,"향남읍 장짐리 200-6,284-9,10,17,27,285-1,6",2009,6212 ,화성도시공사 공원관리2부,031-8059-6433,2024-12-31
597,어린이공원,남부,조암 2호 어린이공원,우정읍 조암리 790,2009,8401 ,화성도시공사 공원관리2부,031-8059-6433,2024-12-31
598,어린이공원,서부,조암 3호 어린이공원,우정읍 조암리 792-1,2009,3717 ,화성도시공사 공원관리2부,031-8059-6433,2024-12-31
599,어린이공원,서부,조암 4호 어린이공원,우정읍 조암리 798-11,2009,2535 ,화성도시공사 공원관리2부,031-8059-6433,2024-12-31
600,어린이공원,서부,조암 5호 어린이공원,우정읍 조암리 808-3,2009,1497 ,화성도시공사 공원관리2부,031-8059-6433,2024-12-31
601,어린이공원,서부,조암 어린이공원,우정읍 조암리 266-51,2009,2089 ,화성도시공사 공원관리2부,031-8059-6433,2024-12-31
602,어린이공원,남부,행정 어린이공원,향남읍 행정리 495-14,2009,1789 ,화성도시공사 공원관리2부,031-8059-6433,2024-12-31
603,어린이공원,남부,향남2지구 10호 어린이공원(미름달공원),향남읍 상신리 1330-1,2016,1919 ,화성도시공사 공원관리2부,031-8059-6433,2024-12-31
604,어린이공원,남부,향남2지구 11호 어린이공원(해솟음달공원),향남읍 상신리 1319,2016,1502 ,화성도시공사 공원관리2부,031-8059-6433,2024-12-31
605,어린이공원,남부,향남2지구 1호 어린이공원(견우직녀달공원),향남읍 하길리 1441-3,2016,1502 ,화성도시공사 공원관리2부,031-8059-6433,2024-12-31
606,어린이공원,남부,향남2지구 2호 어린이공원(누리달공원),향남읍 하길리 1452,2016,1593 ,화성도시공사 공원관리2부,031-8059-6433,2024-12-31
607,어린이공원,남부,향남2지구 3호 어린이공원(타오름공원),향남읍 하길리 1476,2016,1923 ,화성도시공사 공원관리2부,031-8059-6433,2024-12-31
608,어린이공원,남부,향남2지구 4호 어린이공원(푸른달공원),향남읍 하길리 1505-1,2016,2020 ,화성도시공사 공원관리2부,031-8059-6433,2024-12-31
609,어린이공원,남부,향남2지구 5호 어린이공원(잎새달공원),향남읍 상신리 1274,2016,1503 ,화성도시공사 공원관리2부,031-8059-6433,2024-12-31
610,어린이공원,남부,향남2지구 6호 어린이공원(물오름달공원),향남읍 상신리 1264,2016,1551 ,화성도시공사 공원관리2부,031-8059-6433,2024-12-31
611,어린이공원,남부,향남2지구 7호 어린이공원(열매달공원),향남읍 상신리 1289-5,2016,1548 ,화성도시공사 공원관리2부,031-8059-6433,2024-12-31
612,어린이공원,남부,향남2지구 8호 어린이공원(시샘달공원),향남읍 상신리 1301-11,2016,1782 ,화성도시공사 공원관리2부,031-8059-6433,2024-12-31
613,어린이공원,남부,향남2지구 9호 어린이공원(하늘연달공원),향남읍 상신리 1329-2,2016,2000 ,화성도시공사 공원관리2부,031-8059-6433,2024-12-31
614,소공원,남부,발안유적공원,향남읍 발안리 306,2012,1575 ,화성도시공사 공원관리2부,031-8059-6433,2024-12-31
615,소공원,서부,수촌소공원,장안면 수촌리 1018-7,2013,2855 ,화성도시공사 공원관리2부,031-8059-6433,2024-12-31
616,소공원,서부,알음공원,"장안면 독정리 276-27, 276-40",2012,3035 ,화성도시공사 공원관리2부,031-8059-6433,2024-12-31
617,소공원,남부,완두콩 소공원,향남읍 장짐리 213-26,2007,273 ,화성도시공사 공원관리2부,031-8059-6433,2024-12-31
618,소공원,남부,요당2지구 소공원,얌감면 신왕리 1000-33,2022,2650 ,화성도시공사 공원관리2부,031-8059-6433,2024-12-31
619,소공원,남부,요당지구 소공원,양감면 요당리 102,2016,7373 ,화성도시공사 공원관리2부,031-8059-6433,2024-12-31
620,소공원,서부,장안(금의)산단 소공원,장안면 금의리 761-1,2007,3061 ,화성도시공사 공원관리2부,031-8059-6433,2024-12-31
621,소공원,서부,주곡문화공원,우정읍 주곡리 932,2013,2879 ,화성도시공사 공원관리2부,031-8059-6433,2024-12-31
622,소공원,남부,향남2지구 소공원 1호,향남읍 상신리 1249-2,2016,631 ,화성도시공사 공원관리2부,031-8059-6433,2024-12-31
623,체육공원,서부,장안남산체육공원,장안면 사랑리 689,2017,37750 ,화성도시공사 공원관리2부,031-8059-6433,2024-12-31
624,체육공원,남부,향남2지구 3호주제(화합체육공원),향남읍 상신리 1254,2016,42442 ,화성도시공사 공원관리2부,031-8059-6433,2024-12-31
625,문화공원,남부,매향리 평화생태공원,우정읍 고온리안길 24-11,2020,335536 ,화성도시공사 공원관리2부,031-8059-6433,2024-12-31
626,문화공원,남부,향남2지구 1호주제(하길문화공원),향남읍 하길리 1508 일원,2016,19711 ,화성도시공사 공원관리2부,031-8059-6433,2024-12-31
627,문화공원,남부,향남2지구 2호주제(풍경공원 경관작물),향남읍 하길리 1508 일원,2016,43298 ,화성도시공사 공원관리2부,031-8059-6433,2024-12-31
628,쌈지공원,남부,구문천3리 쌈지공원,구문천리 604-167일원,2017,369 ,화성도시공사 공원관리2부,031-8059-6433,2024-12-31
629,쌈지공원,남부,구장 쌈지공원,구장리 1029-13,2020,586 ,화성도시공사 공원관리2부,031-8059-6433,2024-12-31
630,쌈지공원,남부,구장리 코리요놀이터,구장리 783-1 일원,2019,546 ,화성도시공사 공원관리2부,031-8059-6433,2024-12-31
631,쌈지공원,남부,상신 2리 쌈지공원,향남읍 상신리 942-6,2019,180 ,화성도시공사 공원관리2부,031-8059-6433,2024-12-31
632,쌈지공원,남부,상신 3리 쌈지공원,향남읍 상신리 654-1,2019,192 ,화성도시공사 공원관리2부,031-8059-6433,2024-12-31
633,쌈지공원,남부,양감쌈지공원1호,양감면 신왕리 678-5,2008,150 ,화성도시공사 공원관리2부,031-8059-6433,2024-12-31
634,쌈지공원,남부,양감쌈지공원2호,"양감면 사창리 1039-48, 49, 50, 52",2015,600 ,화성도시공사 공원관리2부,031-8059-6433,2024-12-31
635,쌈지공원,남부,제암리 쌈지공원,"향남읍 제암리 478-1일원,478-28일원",2005,2353 ,화성도시공사 공원관리2부,031-8059-6433,2024-12-31
636,쌈지공원,남부,향남 쌈지공원(궁도장),향남읍 도이리 240-3일원,2017,1050 ,화성도시공사 공원관리2부,031-8059-6433,2024-12-31
637,공공공지,서부,조암 1호 공공공지,우정읍 조암리 793,2009,45 ,화성도시공사 공원관리2부,031-8059-6433,2024-12-31
638,공공공지,서부,조암 2호 공공공지,"우정읍 조암리 798,798-12",2009,290 ,화성도시공사 공원관리2부,031-8059-6433,2024-12-31
639,공공공지,서부,조암 3호 공공공지,"우정읍 조암리 794,794-8",2009,990 ,화성도시공사 공원관리2부,031-8059-6433,2024-12-31
640,공공공지,남부,평리 공공공지,향남읍 평리 123-3일원,2018,652 ,화성도시공사 공원관리2부,031-8059-6433,2024-12-31
641,공공공지,남부,향남2지구 1호 공공공지,향남읍 하길리 1529-1,2016,369 ,화성도시공사 공원관리2부,031-8059-6433,2024-12-31
642,공공공지,남부,향남2지구 2-1호 공공공지,"향남읍 하길리 1444-2, 4",2016,3125 ,화성도시공사 공원관리2부,031-8059-6433,2024-12-31
643,공공공지,남부,향남2지구 2호 공공공지,향남읍 하길리 1531,2016,474 ,화성도시공사 공원관리2부,031-8059-6433,2024-12-31
644,공공공지,남부,향남2지구 3호 공공공지,향남읍 하길리 1544,2016,395 ,화성도시공사 공원관리2부,031-8059-6433,2024-12-31
645,공공공지,남부,향남2지구 4호 공공공지,향남읍 하길리 1539-2,2016,373 ,화성도시공사 공원관리2부,031-8059-6433,2024-12-31
646,공공공지,남부,향남2지구 5호 공공공지,향남읍 하길리 1537-8,2016,373 ,화성도시공사 공원관리2부,031-8059-6433,2024-12-31
647,공공공지,남부,향남2지구 6호 공공공지,향남읍 하길리 1551,2016,405 ,화성도시공사 공원관리2부,031-8059-6433,2024-12-31
648,공공공지,남부,향남2지구 7호 공공공지,향남읍 하길리 1547-23,2016,391 ,화성도시공사 공원관리2부,031-8059-6433,2024-12-31
649,공공공지,남부,향남2지구 주택단지 공공공지,향남읍 하길리 1455-7,2016,90 ,화성도시공사 공원관리2부,031-8059-6433,2024-12-31
650,광장,남부,향남2지구 1호광장,"향남읍 하길리 1468,1469,1486,1492-1",2016,22578 ,화성도시공사 공원관리2부,031-8059-6433,2024-12-31
651,광장,남부,향남2지구 2호광장,향남읍 상신리 1320-6,2016,728 ,화성도시공사 공원관리2부,031-8059-6433,2024-12-31
652,근린공원,중부,내리숲공원(내리지구),봉담읍 내리 547,2024,14671 ,화성도시공사 공원관리2부,031-8059-6433,2024-12-31
653,어린이공원,중부,꽃망울어린이공원(내리지구),봉담읍 내리 562-3,2024,1703 ,화성도시공사 공원관리2부,031-8059-6433,2024-12-31
654,소공원,중부,햇살 소공원(내리지구),봉담읍 내리 330-8,2024,2015 ,화성도시공사 공원관리2부,031-8059-6433,2024-12-31
655,소공원,중부,앞들 소공원(내리지구),봉담읍 내리 433,2024,1390 ,화성도시공사 공원관리2부,031-8059-6433,2024-12-31
656,소공원,중부,능골 소공원(내리지구),봉담읍 내리 476-2,2024,1301 ,화성도시공사 공원관리2부,031-8059-6433,2024-12-31
657,공공공지,중부,내리지구 공공공지 1호,봉담읍 내리 562-2,2024,1140 ,화성도시공사 공원관리2부,031-8059-6433,2024-12-31
658,공공공지,중부,내리지구 공공공지 2호,봉담읍 내리 537-1,2024,845 ,화성도시공사 공원관리2부,031-8059-6433,2024-12-31
